name,category,sub_category,address,contact,platform,url,opneing_hours
희식주,0,떡볶이,서울 광진구 광장로1길 18,,0,"https://map.naver.com/p/search/%EA%B4%91%EC%A7%84%EA%B5%AC%20%EA%B4%91%EC%9E%A5%EB%8F%99%20%EC%9D%8C%EC%8B%9D%EC%A0%90/place/1027150480?c=15.00,0,0,0,dh&placePath=%3Fentry%253Dbmp",[]
고향한식뷔페,0,한식,서울 광진구 아차산로78길 44,02-446-0727,0,"https://map.naver.com/p/search/%EA%B4%91%EC%A7%84%EA%B5%AC%20%EA%B4%91%EC%9E%A5%EB%8F%99%20%EC%9D%8C%EC%8B%9D%EC%A0%90/place/1094518902?c=15.00,0,0,0,dh&placePath=%3Fentry%253Dbmp",[]
광나루식당,0,한식,서울 광진구 광장로5길 6,,0,"https://map.naver.com/p/search/%EA%B4%91%EC%A7%84%EA%B5%AC%20%EA%B4%91%EC%9E%A5%EB%8F%99%20%EC%9D%8C%EC%8B%9D%EC%A0%90/place/18822377?c=14.00,0,0,0,dh&placePath=%3Fentry%253Dbmp",[]
두부한모,0,"칼국수,만두","서울 광진구 광나루로 635 , 현대아파트3단지상가 지하126호",02-2201-9448,0,"https://map.naver.com/p/search/%EA%B4%91%EC%A7%84%EA%B5%AC%20%EA%B4%91%EC%9E%A5%EB%8F%99%20%EC%9D%8C%EC%8B%9D%EC%A0%90/place/1294594524?c=14.00,0,0,0,dh&placePath=%3Fentry%253Dbmp",[]
광장식당,0,한식,서울 광진구 광장로 61,,0,"https://map.naver.com/p/search/%EA%B4%91%EC%A7%84%EA%B5%AC%20%EA%B4%91%EC%9E%A5%EB%8F%99%20%EC%9D%8C%EC%8B%9D%EC%A0%90/place/1683176583?c=14.00,0,0,0,dh&placePath=%3Fentry%253Dbmp",[]
몽이족발,0,"족발,보쌈",서울 광진구 군자로 146 1층,0507-1320-8120,0,"https://map.naver.com/p/search/%EA%B4%91%EC%A7%84%EA%B5%AC%20%EA%B5%B0%EC%9E%90%EB%8F%99%20%EC%9D%8C%EC%8B%9D%EC%A0%90/place/1291156171?c=14.00,0,0,0,dh&placePath=%3Fentry%253Dbmp","['월 정기휴무 (매주 월요일)', '화 17:00 - 02:00', '수 17:00 - 02:00', '목 17:00 - 02:00', '금 17:00 - 02:00', '토 17:00 - 02:00', '일 17:00 - 02:00']"
서울돼지구이,0,돼지고기구이,서울 광진구 능동로 264 한사랑빌딩 1층,070-7537-1057,0,"https://map.naver.com/p/search/%EA%B4%91%EC%A7%84%EA%B5%AC%20%EB%8A%A5%EB%8F%99%20%EC%9D%8C%EC%8B%9D%EC%A0%90/place/1963457179?c=15.00,0,0,0,dh&placePath=%3Fentry%253Dbmp","['월 16:30 - 23:00 21:50 라스트오더', '화 16:30 - 23:00 21:50 라스트오더', '수 16:30 - 23:00 21:50 라스트오더', '목 16:30 - 23:00 21:50 라스트오더', '금 16:30 - 23:00 21:50 라스트오더', '토 14:30 - 23:00 21:50 라스트오더', '일 14:30 - 23:00 21:50 라스트오더', '생방송투데이 2978회, 22.01.17. 2022년 1월 17일  황지살/황지살청국장/황지살떡볶이']"
청와옥 군자역직영점,0,"순대,순댓국",서울 광진구 천호대로 562,0507-1462-0182,0,"https://map.naver.com/p/search/%EA%B4%91%EC%A7%84%EA%B5%AC%20%EB%8A%A5%EB%8F%99%20%EC%9D%8C%EC%8B%9D%EC%A0%90/place/1013931704?c=15.00,0,0,0,dh&placePath=%3Fentry%253Dbmp","['월 08:00 - 22:00 21:00 라스트오더', '화 08:00 - 22:00 21:00 라스트오더', '수 08:00 - 22:00 21:00 라스트오더', '목 08:00 - 22:00 21:00 라스트오더', '금 08:00 - 22:00 21:00 라스트오더', '토 08:00 - 22:00 21:00 라스트오더', '일 08:00 - 22:00 21:00 라스트오더']"
에이뿔램 군자점,0,양갈비,서울 광진구 능동로36길 36 2층,0507-1350-5188,0,"https://map.naver.com/p/search/%EA%B4%91%EC%A7%84%EA%B5%AC%20%EB%8A%A5%EB%8F%99%20%EC%9D%8C%EC%8B%9D%EC%A0%90/place/36321303?c=15.00,0,0,0,dh&placePath=%3Fentry%253Dbmp",['매일 16:00 - 24:00 23:00 라스트오더']
LAB41,0,양식,서울 광진구 능동로 300 2층,0507-1425-0704,0,"https://map.naver.com/p/search/%EA%B4%91%EC%A7%84%EA%B5%AC%20%EB%8A%A5%EB%8F%99%20%EC%9D%8C%EC%8B%9D%EC%A0%90/place/552724285?c=15.00,0,0,0,dh&placePath=%3Fentry%253Dbmp","['월 11:00 - 23:00 16:00 - 17:00 브레이크타임 14:30, 21:30 라스트오더', '화 11:00 - 23:00 16:00 - 17:00 브레이크타임 14:30, 21:30 라스트오더', '수 11:00 - 23:00 16:00 - 17:00 브레이크타임 14:30, 21:30 라스트오더', '목 11:00 - 23:00 16:00 - 17:00 브레이크타임 14:30, 21:30 라스트오더', '금 11:00 - 23:00 16:00 - 17:00 브레이크타임 14:30, 21:30 라스트오더', '토 11:00 - 23:00 21:30 라스트오더', '일 11:00 - 22:00 20:30 라스트오더', '매달 4번째 월요일 정기 휴무']"
소사면옥,0,냉면,서울 광진구 능동로 270 1층,0507-1404-0904,0,"https://map.naver.com/p/search/%EA%B4%91%EC%A7%84%EA%B5%AC%20%EB%8A%A5%EB%8F%99%20%EC%9D%8C%EC%8B%9D%EC%A0%90/place/1219709008?c=15.00,0,0,0,dh&placePath=%3Fentry%253Dbmp","['월 정기휴무 (매주 월요일)', '화 11:00 - 21:30 21:00 라스트오더', '수 11:00 - 21:30 21:00 라스트오더', '목 11:00 - 21:30 21:00 라스트오더', '금 11:00 - 21:30 21:00 라스트오더', '토 11:00 - 21:30 21:00 라스트오더', '일 11:00 - 21:30 21:00 라스트오더', '생방송오늘저녁 2068회, 23.07.24. 2023년 7월 24일  코다리냉면', '']"
후문 카페,0,양식,서울 광진구 능동로36길 183,02-455-2789,0,"https://map.naver.com/p/search/%EA%B4%91%EC%A7%84%EA%B5%AC%20%EB%8A%A5%EB%8F%99%20%EC%9D%8C%EC%8B%9D%EC%A0%90/place/1190128052?c=15.00,0,0,0,dh&placePath=%3Fentry%253Dbmp","['월 09:00 - 22:30 16:00 - 17:00 브레이크타임 21:30 라스트오더', '화 09:00 - 22:30 16:00 - 17:00 브레이크타임 21:30 라스트오더', '수 09:00 - 22:30 16:00 - 17:00 브레이크타임 21:30 라스트오더', '목 09:00 - 22:30 16:00 - 17:00 브레이크타임 21:30 라스트오더', '금 09:00 - 22:30 16:00 - 17:00 브레이크타임 21:30 라스트오더', '토 09:00 - 22:30 16:00 - 17:00 브레이크타임 21:30 라스트오더', '일 09:00 - 22:30 16:00 - 17:00 브레이크타임 21:30 라스트오더']"
연어시장 군자점,0,일식당,서울 광진구 능동로36길 8 2층,0507-1383-3602,0,"https://map.naver.com/p/search/%EA%B4%91%EC%A7%84%EA%B5%AC%20%EB%8A%A5%EB%8F%99%20%EC%9D%8C%EC%8B%9D%EC%A0%90/place/1670639123?c=15.00,0,0,0,dh&placePath=%3Fentry%253Dbmp","['월 정기휴무 (매주 월요일)', '화 14:00 - 24:00 23:30 라스트오더', '수 14:00 - 24:00 23:30 라스트오더', '목 14:00 - 24:00 23:30 라스트오더', '금 14:00 - 24:00 23:30 라스트오더', '토 14:00 - 24:00 23:30 라스트오더', '일 14:00 - 24:00 23:30 라스트오더']"
나능이능이버섯백숙 아차산직영점,0,"백숙,삼계탕",서울 광진구 천호대로 646 1층,0507-1469-5255,0,"https://map.naver.com/p/search/%EA%B4%91%EC%A7%84%EA%B5%AC%20%EB%8A%A5%EB%8F%99%20%EC%9D%8C%EC%8B%9D%EC%A0%90/place/1137652161?c=15.00,0,0,0,dh&placePath=%3Fentry%253Dbmp","['월 10:00 - 21:40 15:00 - 16:00 브레이크타임 20:30 라스트오더', '화 10:00 - 21:40 15:00 - 16:00 브레이크타임 20:30 라스트오더', '수 10:00 - 21:40 15:00 - 16:00 브레이크타임 20:30 라스트오더', '목 10:00 - 21:40 15:00 - 16:00 브레이크타임 20:30 라스트오더', '금 10:00 - 21:40 15:00 - 16:00 브레이크타임 20:30 라스트오더', '토 10:00 - 21:40 20:30 라스트오더', '일 10:00 - 21:40 20:30 라스트오더']"
소바쿠,0,"우동,소바",서울 광진구 천호대로 650,02-447-1470,0,"https://map.naver.com/p/search/%EA%B4%91%EC%A7%84%EA%B5%AC%20%EB%8A%A5%EB%8F%99%20%EC%9D%8C%EC%8B%9D%EC%A0%90/place/37873204?c=15.00,0,0,0,dh&placePath=%3Fentry%253Dbmp","['월 11:30 - 20:50 15:00 - 17:00 브레이크타임 19:55 라스트오더', '화 11:30 - 20:50 15:00 - 17:00 브레이크타임 19:55 라스트오더', '수 정기휴무 (매주 수요일)', '목 11:30 - 20:50 15:00 - 17:00 브레이크타임 19:55 라스트오더', '금 11:30 - 20:50 15:00 - 17:00 브레이크타임 19:55 라스트오더', '토 11:30 - 20:50 15:00 - 17:00 브레이크타임 19:55 라스트오더', '일 11:30 - 20:50 15:00 - 17:00 브레이크타임 19:55 라스트오더']"
유유샤브 군자역점,0,샤브샤브,서울 광진구 능동로36길 30 201호,0507-1363-6649,0,"https://map.naver.com/p/search/%EA%B4%91%EC%A7%84%EA%B5%AC%20%EB%8A%A5%EB%8F%99%20%EC%9D%8C%EC%8B%9D%EC%A0%90/place/1078791314?c=15.00,0,0,0,dh&placePath=%3Fentry%253Dbmp",['매일 11:00 - 22:00 21:10 라스트오더']
대명소곱창,0,"곱창,막창,양",서울 광진구 능동로 298,02-454-3422,0,"https://map.naver.com/p/search/%EA%B4%91%EC%A7%84%EA%B5%AC%20%EB%8A%A5%EB%8F%99%20%EC%9D%8C%EC%8B%9D%EC%A0%90/place/37264026?c=15.00,0,0,0,dh&placePath=%3Fentry%253Dbmp",[]
세광양대창 군자점,0,"곱창,막창,양",서울 광진구 능동로36길 16,02-444-3372,0,"https://map.naver.com/p/search/%EA%B4%91%EC%A7%84%EA%B5%AC%20%EB%8A%A5%EB%8F%99%20%EC%9D%8C%EC%8B%9D%EC%A0%90/place/1207103373?c=15.00,0,0,0,dh&placePath=%3Fentry%253Dbmp",['매일 16:00 - 03:00']
피슈마라홍탕 군자역점,0,마라탕,서울 광진구 능동로 302 2층,0507-1495-3789,0,"https://map.naver.com/p/search/%EA%B4%91%EC%A7%84%EA%B5%AC%20%EB%8A%A5%EB%8F%99%20%EC%9D%8C%EC%8B%9D%EC%A0%90/place/1944607744?c=15.00,0,0,0,dh&placePath=%3Fentry%253Dbmp","['월 11:00 - 23:30 23:00 라스트오더', '화 11:00 - 23:30 23:00 라스트오더', '수 11:00 - 23:30 23:00 라스트오더', '목 11:00 - 23:30 23:00 라스트오더', '금 11:00 - 23:30 23:00 라스트오더', '토 11:00 - 22:30 22:00 라스트오더', '일 11:00 - 22:30 22:00 라스트오더']"
다다미 군자,0,일식당,서울 광진구 능동로36길 53,010-5772-0728,0,"https://map.naver.com/p/search/%EA%B4%91%EC%A7%84%EA%B5%AC%20%EB%8A%A5%EB%8F%99%20%EC%9D%8C%EC%8B%9D%EC%A0%90/place/1418089276?c=15.00,0,0,0,dh&placePath=%3Fentry%253Dbmp","['월 11:30 - 22:00 15:00 - 17:00 브레이크타임 14:30, 21:30 라스트오더', '화 11:30 - 22:00 15:00 - 17:00 브레이크타임 14:30, 21:30 라스트오더', '수 11:30 - 22:00 15:00 - 17:00 브레이크타임 14:30, 21:30 라스트오더', '목 11:30 - 22:00 15:00 - 17:00 브레이크타임 14:30, 21:30 라스트오더', '금 11:30 - 22:00 15:00 - 17:00 브레이크타임 14:30, 21:30 라스트오더', '토 12:00 - 22:00 15:00 - 17:00 브레이크타임 14:30, 21:30 라스트오더', '일 정기휴무 (매주 일요일)']"
명륜진사갈비 서울아차산역점,0,"육류,고기요리",서울 광진구 능동로36길 187 1층,02-444-9294,0,"https://map.naver.com/p/search/%EA%B4%91%EC%A7%84%EA%B5%AC%20%EB%8A%A5%EB%8F%99%20%EC%9D%8C%EC%8B%9D%EC%A0%90/place/1637651214?c=15.00,0,0,0,dh&placePath=%3Fentry%253Dbmp","['월 11:30 - 22:00', '화 11:30 - 22:00', '수 11:30 - 22:00', '목 11:30 - 22:00', '금 11:30 - 22:00', '토 11:30 - 22:00', '일 11:30 - 22:00']"
무쇠김치삼겹 군자점,0,돼지고기구이,서울 광진구 능동로36길 12 1층 무쇠김치삼겹 군자점,0507-1334-0178,0,"https://map.naver.com/p/search/%EA%B4%91%EC%A7%84%EA%B5%AC%20%EB%8A%A5%EB%8F%99%20%EC%9D%8C%EC%8B%9D%EC%A0%90/place/1057129549?c=15.00,0,0,0,dh&placePath=%3Fentry%253Dbmp","['월 15:00 - 24:00 23:30 라스트오더', '화 15:00 - 24:00 23:30 라스트오더', '수 15:00 - 24:00 23:30 라스트오더', '목 15:00 - 24:00 23:30 라스트오더', '금 15:00 - 24:00 23:30 라스트오더', '토 12:00 - 24:00 23:30 라스트오더', '일 12:00 - 24:00 23:30 라스트오더']"
구공탄곱창 군자점,0,"곱창,막창,양",서울 광진구 능동로36길 22,0507-1405-6219,0,"https://map.naver.com/p/search/%EA%B4%91%EC%A7%84%EA%B5%AC%20%EB%8A%A5%EB%8F%99%20%EC%9D%8C%EC%8B%9D%EC%A0%90/place/38526687?c=15.00,0,0,0,dh&placePath=%3Fentry%253Dbmp","['월 17:00 - 01:00', '화 17:00 - 01:00', '수 17:00 - 01:00', '목 17:00 - 01:00', '금 17:00 - 01:00', '토 16:00 - 01:00', '일 16:00 - 01:00']"
육전국밥 군자역점,0,국밥,서울 광진구 능동로 294 . 1층,02-456-5199,0,"https://map.naver.com/p/search/%EA%B4%91%EC%A7%84%EA%B5%AC%20%EB%8A%A5%EB%8F%99%20%EC%9D%8C%EC%8B%9D%EC%A0%90/place/1105925589?c=15.00,0,0,0,dh&placePath=%3Fentry%253Dbmp","['월 00:00 - 24:00 23:00 라스트오더', '화 00:00 - 24:00 23:00 라스트오더', '수 00:00 - 24:00 23:00 라스트오더', '목 00:00 - 24:00 23:00 라스트오더', '금 00:00 - 24:00 23:00 라스트오더', '토 00:00 - 24:00 23:00 라스트오더', '일 00:00 - 24:00 23:00 라스트오더']"
이특집 군자직영점,0,"육류,고기요리",서울 광진구 능동로36길 24,02-446-7645,0,"https://map.naver.com/p/search/%EA%B4%91%EC%A7%84%EA%B5%AC%20%EB%8A%A5%EB%8F%99%20%EC%9D%8C%EC%8B%9D%EC%A0%90/place/1089162411?c=15.00,0,0,0,dh&placePath=%3Fentry%253Dbmp","['월 15:00 - 01:00', '화 15:00 - 01:00', '수 15:00 - 01:00', '목 15:00 - 01:00', '금 15:00 - 01:00', '토 14:00 - 01:00', '일 14:00 - 01:00']"
아스토리아,0,양식,서울 광진구 능동로36길 182 1층 아스토리아,02-3437-2400,0,"https://map.naver.com/p/search/%EA%B4%91%EC%A7%84%EA%B5%AC%20%EB%8A%A5%EB%8F%99%20%EC%9D%8C%EC%8B%9D%EC%A0%90/place/1879315730?c=15.00,0,0,0,dh&placePath=%3Fentry%253Dbmp","['월 정기휴무 (매주 월요일)', '화 11:00 - 21:30 15:00 - 17:00 브레이크타임 21:00 라스트오더', '수 11:00 - 21:30 15:00 - 17:00 브레이크타임 21:00 라스트오더', '목 11:00 - 21:30 15:00 - 17:00 브레이크타임 21:00 라스트오더', '금 11:00 - 21:30 15:00 - 17:00 브레이크타임 21:00 라스트오더', '토 11:00 - 21:30 15:00 - 17:00 브레이크타임 21:00 라스트오더', '일 11:00 - 15:00 14:30 라스트오더']"
싸리골 솥뚜껑 삼겹살,0,돼지고기구이,서울 광진구 능동로 300 1층 솥뚜껑삼겹살,02-3436-9895,0,"https://map.naver.com/p/search/%EA%B4%91%EC%A7%84%EA%B5%AC%20%EB%8A%A5%EB%8F%99%20%EC%9D%8C%EC%8B%9D%EC%A0%90/place/12853466?c=15.00,0,0,0,dh&placePath=%3Fentry%253Dbmp",['매일 10:00 - 23:55']
본가한우생고기,0,소고기구이,서울 광진구 천호대로112길 19 1층 본가한우생고기,0507-1357-6901,0,"https://map.naver.com/p/search/%EA%B4%91%EC%A7%84%EA%B5%AC%20%EB%8A%A5%EB%8F%99%20%EC%9D%8C%EC%8B%9D%EC%A0%90/place/1887696229?c=15.00,0,0,0,dh&placePath=%3Fentry%253Dbmp","['월 11:00 - 21:50', '화 11:00 - 21:50', '수 11:00 - 21:50', '목 11:00 - 21:50', '금 11:00 - 21:50', '토 11:00 - 21:50', '일 11:00 - 21:50']"
군자돈까스,0,돈가스,서울 광진구 능동로 276 1층,02-6402-0010,0,"https://map.naver.com/p/search/%EA%B4%91%EC%A7%84%EA%B5%AC%20%EB%8A%A5%EB%8F%99%20%EC%9D%8C%EC%8B%9D%EC%A0%90/place/1067164848?c=15.00,0,0,0,dh&placePath=%3Fentry%253Dbmp","['월 11:30 - 21:00 15:00 - 17:00 브레이크타임 20:30 라스트오더', '화 11:30 - 21:00 15:00 - 17:00 브레이크타임 20:30 라스트오더', '수 11:30 - 21:00 15:00 - 17:00 브레이크타임 20:30 라스트오더', '목 11:30 - 21:00 15:00 - 17:00 브레이크타임 20:30 라스트오더', '금 11:30 - 21:00 15:00 - 17:00 브레이크타임 20:30 라스트오더', '토 11:30 - 21:00 15:00 - 17:00 브레이크타임 20:30 라스트오더', '일 정기휴무 (매주 일요일)']"
마시쏘부대찌개,0,"찌개,전골",서울 광진구 천호대로 644 1층 마시쏘부대찌개,0507-1302-8724,0,"https://map.naver.com/p/search/%EA%B4%91%EC%A7%84%EA%B5%AC%20%EB%8A%A5%EB%8F%99%20%EC%9D%8C%EC%8B%9D%EC%A0%90/place/1231048942?c=15.00,0,0,0,dh&placePath=%3Fentry%253Dbmp","['월 11:00 - 21:20 20:40 라스트오더', '화 11:00 - 21:20 20:40 라스트오더', '수 11:00 - 21:20 20:40 라스트오더', '목 11:00 - 21:20 20:40 라스트오더', '금 11:00 - 21:20 20:40 라스트오더', '토 11:00 - 21:20 20:40 라스트오더', '일 11:00 - 21:20 20:40 라스트오더']"
명장짬뽕,0,중식당,"서울 광진구 능동로 276 1층 105호, 106호",0507-1437-5688,0,"https://map.naver.com/p/search/%EA%B4%91%EC%A7%84%EA%B5%AC%20%EB%8A%A5%EB%8F%99%20%EC%9D%8C%EC%8B%9D%EC%A0%90/place/1979061635?c=15.00,0,0,0,dh&placePath=%3Fentry%253Dbmp","['월 11:00 - 22:00 15:30 - 17:00 브레이크타임 15:00, 21:30 라스트오더', '화 11:00 - 22:00 15:30 - 17:00 브레이크타임 15:00, 21:30 라스트오더', '수 11:00 - 22:00 15:30 - 17:00 브레이크타임 15:00, 21:30 라스트오더', '목 11:00 - 22:00 15:30 - 17:00 브레이크타임 15:00, 21:30 라스트오더', '금 11:00 - 22:00 15:30 - 17:00 브레이크타임 15:00, 21:30 라스트오더', '토 11:00 - 22:00 21:30 라스트오더', '일 11:00 - 22:00 21:30 라스트오더', '매달 2, 4번째 토요일 정기 휴무']"
천미천훠궈,0,샤브샤브,서울 광진구 천호대로110길 8-10,02-429-3826,0,"https://map.naver.com/p/search/%EA%B4%91%EC%A7%84%EA%B5%AC%20%EB%8A%A5%EB%8F%99%20%EC%9D%8C%EC%8B%9D%EC%A0%90/place/1068207012?c=15.00,0,0,0,dh&placePath=%3Fentry%253Dbmp",['매일 11:00 - 23:00 22:00 라스트오더']
피자컴퍼니 군자점,0,피자,서울 광진구 능동로32길 12 1층 피자컴퍼니,02-454-2496,0,"https://map.naver.com/p/search/%EA%B4%91%EC%A7%84%EA%B5%AC%20%EB%8A%A5%EB%8F%99%20%EC%9D%8C%EC%8B%9D%EC%A0%90/place/1830486811?c=15.00,0,0,0,dh&placePath=%3Fentry%253Dbmp","['월 정기휴무 (매주 월요일)', '화 12:00 - 23:35', '수 12:00 - 23:35', '목 12:00 - 23:35', '금 12:00 - 23:35', '토 12:00 - 23:35', '일 12:00 - 23:35']"
어머이밥상,0,"백반,가정식",서울 광진구 천호대로112길 28 1층 어머이밥상,02-456-5881,0,"https://map.naver.com/p/search/%EA%B4%91%EC%A7%84%EA%B5%AC%20%EB%8A%A5%EB%8F%99%20%EC%9D%8C%EC%8B%9D%EC%A0%90/place/1134184385?c=15.00,0,0,0,dh&placePath=%3Fentry%253Dbmp","['월 11:00 - 20:00 19:30 라스트오더', '화 11:00 - 24:00 23:30 라스트오더', '수 11:00 - 24:00 23:30 라스트오더', '목 11:00 - 24:00 23:30 라스트오더', '금 11:00 - 24:00 23:30 라스트오더', '토 11:00 - 20:00 19:30 라스트오더', '일 정기휴무 (매주 일요일)']"
유가네닭갈비 군자역점,0,닭갈비,서울 광진구 능동로36길 21 2층,0507-1475-1291,0,"https://map.naver.com/p/search/%EA%B4%91%EC%A7%84%EA%B5%AC%20%EB%8A%A5%EB%8F%99%20%EC%9D%8C%EC%8B%9D%EC%A0%90/place/1432329989?c=15.00,0,0,0,dh&placePath=%3Fentry%253Dbmp","['월 정기휴무 (매주 월요일)', '화 11:00 - 22:00 15:30 - 17:00 브레이크타임', '수 11:00 - 22:00 15:30 - 17:00 브레이크타임', '목 11:00 - 22:00 15:30 - 17:00 브레이크타임', '금 11:00 - 22:00 15:30 - 17:00 브레이크타임', '토 11:00 - 22:00 15:30 - 16:30 브레이크타임', '일 11:00 - 22:00 15:30 - 16:30 브레이크타임']"
콩심 어린이대공원점,0,국밥,서울 광진구 능동로 256 1층 콩심,0507-1370-0687,0,"https://map.naver.com/p/search/%EA%B4%91%EC%A7%84%EA%B5%AC%20%EB%8A%A5%EB%8F%99%20%EC%9D%8C%EC%8B%9D%EC%A0%90/place/1286818661?c=15.00,0,0,0,dh&placePath=%3Fentry%253Dbmp","['월 06:00 - 24:00 16:00 - 17:00 브레이크타임', '화 06:00 - 24:00 16:00 - 17:00 브레이크타임', '수 06:00 - 24:00 16:00 - 17:00 브레이크타임', '목 06:00 - 24:00 16:00 - 17:00 브레이크타임', '금 06:00 - 24:00 16:00 - 17:00 브레이크타임', '토 07:00 - 23:00 16:00 - 17:00 브레이크타임', '일 07:00 - 23:00 16:00 - 17:00 브레이크타임']"
달래해장 군자점,0,한식,서울 광진구 능동로36길 30 1층(능동),0507-1497-1992,0,"https://map.naver.com/p/search/%EA%B4%91%EC%A7%84%EA%B5%AC%20%EB%8A%A5%EB%8F%99%20%EC%9D%8C%EC%8B%9D%EC%A0%90/place/1753886091?c=15.00,0,0,0,dh&placePath=%3Fentry%253Dbmp","['월 11:00 - 02:00 14:30 - 16:00 브레이크타임 01:00 라스트오더', '화 11:00 - 02:00 14:30 - 16:00 브레이크타임 01:00 라스트오더', '수 11:00 - 02:00 14:30 - 16:00 브레이크타임 01:00 라스트오더', '목 11:00 - 02:00 14:30 - 16:00 브레이크타임 01:00 라스트오더', '금 11:00 - 02:00 14:30 - 16:00 브레이크타임 01:00 라스트오더', '토 11:00 - 02:00 01:00 라스트오더', '일 11:00 - 24:00 23:00 라스트오더']"
도시항구,0,생선회,서울 광진구 천호대로112길 7 1층 103호 도시항구,02-3436-3003,0,"https://map.naver.com/p/search/%EA%B4%91%EC%A7%84%EA%B5%AC%20%EB%8A%A5%EB%8F%99%20%EC%9D%8C%EC%8B%9D%EC%A0%90/place/1235382842?c=15.00,0,0,0,dh&placePath=%3Fentry%253Dbmp","['월 정기휴무 (매주 월요일)', '화 14:00 - 24:00 23:00 라스트오더', '수 14:00 - 24:00 23:00 라스트오더', '목 14:00 - 24:00 23:00 라스트오더', '금 14:00 - 24:00 23:00 라스트오더', '토 14:00 - 24:00 23:00 라스트오더', '일 14:00 - 24:00 23:00 라스트오더']"
써브웨이 군자역점,0,샌드위치,서울 광진구 능동로 290 삼일빌딩,02-456-6444,0,"https://map.naver.com/p/search/%EA%B4%91%EC%A7%84%EA%B5%AC%20%EB%8A%A5%EB%8F%99%20%EC%9D%8C%EC%8B%9D%EC%A0%90/place/1166056136?c=15.00,0,0,0,dh&placePath=%3Fentry%253Dbmp",['매일 07:30 - 22:15 22:00 라스트오더']
국대떡볶이 군자역점,0,분식,서울 광진구 능동로 288 1층,0507-1384-3111,0,"https://map.naver.com/p/search/%EA%B4%91%EC%A7%84%EA%B5%AC%20%EB%8A%A5%EB%8F%99%20%EC%9D%8C%EC%8B%9D%EC%A0%90/place/31391150?c=15.00,0,0,0,dh&placePath=%3Fentry%253Dbmp","['월 12:00 - 22:00 21:55 라스트오더', '화 12:00 - 22:00 21:55 라스트오더', '수 12:00 - 22:00 21:55 라스트오더', '목 12:00 - 22:00 21:55 라스트오더', '금 정기휴무 (매주 금요일)', '토 12:00 - 22:00 21:55 라스트오더', '일 12:00 - 22:00 21:55 라스트오더']"
식당 사사로운,0,양식,서울 광진구 천호대로112길 48-4,0507-1372-1062,0,"https://map.naver.com/p/search/%EA%B4%91%EC%A7%84%EA%B5%AC%20%EB%8A%A5%EB%8F%99%20%EC%9D%8C%EC%8B%9D%EC%A0%90/place/1578304143?c=15.00,0,0,0,dh&placePath=%3Fentry%253Dbmp","['월 정기휴무 (매주 월요일)', '화 정기휴무 (매주 화요일)', '수 11:30 - 22:00 14:30 - 17:00 브레이크타임 21:30 라스트오더', '목 11:30 - 22:00 14:30 - 17:00 브레이크타임 21:30 라스트오더', '금 11:30 - 22:00 14:30 - 17:00 브레이크타임 21:30 라스트오더', '토 11:30 - 22:00 14:30 - 17:00 브레이크타임 21:30 라스트오더', '일 11:30 - 22:00 14:30 - 17:00 브레이크타임 21:30 라스트오더']"
충만치킨 군자점,0,"치킨,닭강정",서울 광진구 능동로36길 32 2층 201호,0507-1308-9646,0,"https://map.naver.com/p/search/%EA%B4%91%EC%A7%84%EA%B5%AC%20%EB%8A%A5%EB%8F%99%20%EC%9D%8C%EC%8B%9D%EC%A0%90/place/38709571?c=15.00,0,0,0,dh&placePath=%3Fentry%253Dbmp",['매일 15:00 - 03:00 02:00 라스트오더']
정원마늘보쌈,0,"족발,보쌈",서울 광진구 천호대로112길 34 1층,0507-1316-1602,0,"https://map.naver.com/p/search/%EA%B4%91%EC%A7%84%EA%B5%AC%20%EB%8A%A5%EB%8F%99%20%EC%9D%8C%EC%8B%9D%EC%A0%90/place/1968753174?c=15.00,0,0,0,dh&placePath=%3Fentry%253Dbmp","['월 11:30 - 22:00 21:30 라스트오더', '화 11:30 - 22:00 21:30 라스트오더', '수 11:30 - 22:00 21:30 라스트오더', '목 11:30 - 22:00 21:30 라스트오더', '금 11:30 - 22:00 21:30 라스트오더', '토 11:30 - 22:00 21:30 라스트오더', '일 정기휴무 (매주 일요일)']"
진한방삼계탕군자점,0,"백숙,삼계탕",서울 광진구 능동로 254 화인로즈,02-455-6020,0,"https://map.naver.com/p/search/%EA%B4%91%EC%A7%84%EA%B5%AC%20%EB%8A%A5%EB%8F%99%20%EC%9D%8C%EC%8B%9D%EC%A0%90/place/11851243?c=15.00,0,0,0,dh&placePath=%3Fentry%253Dbmp",['매일 10:30 - 22:00']
족발야시장 군자역점,0,"족발,보쌈",서울 광진구 능동로36길 18 진주빌딩,02-446-4969,0,"https://map.naver.com/p/search/%EA%B4%91%EC%A7%84%EA%B5%AC%20%EB%8A%A5%EB%8F%99%20%EC%9D%8C%EC%8B%9D%EC%A0%90/place/453728536?c=15.00,0,0,0,dh&placePath=%3Fentry%253Dbmp",['매일 11:00 - 03:00']
신호닭발 군자점,0,닭발,서울 광진구 능동로36길 29 1층,02-456-7721,0,"https://map.naver.com/p/search/%EA%B4%91%EC%A7%84%EA%B5%AC%20%EB%8A%A5%EB%8F%99%20%EC%9D%8C%EC%8B%9D%EC%A0%90/place/1156421121?c=15.00,0,0,0,dh&placePath=%3Fentry%253Dbmp","['월 17:00 - 02:00', '화 정기휴무 (매주 화요일)', '수 17:00 - 02:00', '목 17:00 - 02:00', '금 17:00 - 02:00', '토 17:00 - 02:00', '일 17:00 - 02:00']"
능동빈대떡,0,"전,빈대떡",서울 광진구 천호대로110길 8-10,02-453-6665,0,"https://map.naver.com/p/search/%EA%B4%91%EC%A7%84%EA%B5%AC%20%EB%8A%A5%EB%8F%99%20%EC%9D%8C%EC%8B%9D%EC%A0%90/place/1608858673?c=15.00,0,0,0,dh&placePath=%3Fentry%253Dbmp",['매일 15:00 - 01:00']
BHC치킨 군자점,0,"치킨,닭강정",서울 광진구 천호대로 570,02-3436-9955,0,"https://map.naver.com/p/search/%EA%B4%91%EC%A7%84%EA%B5%AC%20%EB%8A%A5%EB%8F%99%20%EC%9D%8C%EC%8B%9D%EC%A0%90/place/1624854331?c=15.00,0,0,0,dh&placePath=%3Fentry%253Dbmp",[]
서울어린이대공원 놀이동산 -분식,0,종합분식,서울 광진구 능동로 216,,0,"https://map.naver.com/p/search/%EA%B4%91%EC%A7%84%EA%B5%AC%20%EB%8A%A5%EB%8F%99%20%EC%9D%8C%EC%8B%9D%EC%A0%90/place/1306201988?c=14.00,0,0,0,dh&placePath=%3Fentry%253Dbmp",[]
남원식당,0,한식,서울 광진구 능동로36길 49,02-446-3406,0,"https://map.naver.com/p/search/%EA%B4%91%EC%A7%84%EA%B5%AC%20%EB%8A%A5%EB%8F%99%20%EC%9D%8C%EC%8B%9D%EC%A0%90/place/20839864?c=14.00,0,0,0,dh&placePath=%3Fentry%253Dbmp",['매일 07:00 - 21:00']
식물원 푸드코트,0,푸드코트,서울 광진구 능동로 216,,0,"https://map.naver.com/p/search/%EA%B4%91%EC%A7%84%EA%B5%AC%20%EB%8A%A5%EB%8F%99%20%EC%9D%8C%EC%8B%9D%EC%A0%90/place/1578325858?c=14.00,0,0,0,dh&placePath=%3Fentry%253Dbmp",[]
구의문복합식당,0,종합분식,서울 광진구 능동로 216,070-8806-0716,0,"https://map.naver.com/p/search/%EA%B4%91%EC%A7%84%EA%B5%AC%20%EB%8A%A5%EB%8F%99%20%EC%9D%8C%EC%8B%9D%EC%A0%90/place/1787929634?c=14.00,0,0,0,dh&placePath=%3Fentry%253Dbmp",[]
서울어린이대공원 놀이동산 레스토랑,0,돈가스,서울 광진구 능동로 216,,0,"https://map.naver.com/p/search/%EA%B4%91%EC%A7%84%EA%B5%AC%20%EB%8A%A5%EB%8F%99%20%EC%9D%8C%EC%8B%9D%EC%A0%90/place/1057679883?c=14.00,0,0,0,dh&placePath=%3Fentry%253Dbmp",[]
앗싸,0,양식,서울 광진구 천호대로 566,,0,"https://map.naver.com/p/search/%EA%B4%91%EC%A7%84%EA%B5%AC%20%EB%8A%A5%EB%8F%99%20%EC%9D%8C%EC%8B%9D%EC%A0%90/place/1047176967?c=14.00,0,0,0,dh&placePath=%3Fentry%253Dbmp",[]
보승회관 건대입구역점,0,국밥,서울 광진구 아차산로 214 1층,0507-1373-1373,0,"https://map.naver.com/p/search/%EA%B4%91%EC%A7%84%EA%B5%AC%20%EB%8A%A5%EB%8F%99%20%EC%9D%8C%EC%8B%9D%EC%A0%90/place/1198188402?c=14.00,0,0,0,dh&placePath=%3Fentry%253Dbmp",['매일 00:00 - 24:00']
화양양꼬치 건대점,0,양꼬치,서울 광진구 아차산로29길 44 화양양꼬치,0507-1377-5890,0,"https://map.naver.com/p/search/%EA%B4%91%EC%A7%84%EA%B5%AC%20%EB%8A%A5%EB%8F%99%20%EC%9D%8C%EC%8B%9D%EC%A0%90/place/19372325?c=14.00,0,0,0,dh&placePath=%3Fentry%253Dbmp","['월 정기휴무 (매주 월요일)', '화 14:00 - 02:00', '수 14:00 - 02:00', '목 14:00 - 02:00', '금 14:00 - 02:00', '토 14:00 - 02:00', '일 14:00 - 02:00']"
송화산시도삭면,0,"딤섬,중식만두",서울 광진구 뚝섬로27길 48,0507-1319-7828,0,"https://map.naver.com/p/search/%EA%B4%91%EC%A7%84%EA%B5%AC%20%EB%8A%A5%EB%8F%99%20%EC%9D%8C%EC%8B%9D%EC%A0%90/place/1359051109?c=14.00,0,0,0,dh&placePath=%3Fentry%253Dbmp","['월 11:00 - 23:00 16:00 - 17:00 브레이크타임', '화 정기휴무 (매주 화요일)', '수 11:00 - 23:00 16:00 - 17:00 브레이크타임', '목 11:00 - 23:00 16:00 - 17:00 브레이크타임', '금 11:00 - 23:00 16:00 - 17:00 브레이크타임', '토 11:00 - 23:00 16:00 - 17:00 브레이크타임', '일 11:00 - 23:00 16:00 - 17:00 브레이크타임', '줄서는식당 20회, 22.06.06. 2022년 6월 6일  도삭면/샤오롱바오/쇼마이/특제새우딤섬', '', '', '']"
고베규카츠 건대점,0,돈가스,서울 광진구 아차산로33길 64,0507-1442-4620,0,"https://map.naver.com/p/search/%EA%B4%91%EC%A7%84%EA%B5%AC%20%EB%8A%A5%EB%8F%99%20%EC%9D%8C%EC%8B%9D%EC%A0%90/place/1183785127?c=14.00,0,0,0,dh&placePath=%3Fentry%253Dbmp","['월 11:30 - 22:00 16:00 - 17:00 브레이크타임 21:00 라스트오더', '화 11:30 - 22:00 16:00 - 17:00 브레이크타임 21:00 라스트오더', '수 11:30 - 22:00 16:00 - 17:00 브레이크타임 21:00 라스트오더', '목 11:30 - 22:00 16:00 - 17:00 브레이크타임 21:00 라스트오더', '금 11:30 - 22:00 16:00 - 17:00 브레이크타임 21:00 라스트오더', '토 11:30 - 22:00 21:00 라스트오더', '일 11:30 - 22:00 21:00 라스트오더']"
로니로티 건대점,0,이탈리아음식,서울 광진구 아차산로 225 단산화빌딩,02-498-7999,0,"https://map.naver.com/p/search/%EA%B4%91%EC%A7%84%EA%B5%AC%20%EB%8A%A5%EB%8F%99%20%EC%9D%8C%EC%8B%9D%EC%A0%90/place/33451555?c=14.00,0,0,0,dh&placePath=%3Fentry%253Dbmp","['월 11:30 - 22:30 15:30 - 16:20 브레이크타임 21:30 라스트오더', '화 11:30 - 22:30 15:30 - 16:20 브레이크타임 21:30 라스트오더', '수 11:30 - 22:30 15:30 - 16:20 브레이크타임 21:30 라스트오더', '목 11:30 - 22:30 15:30 - 16:20 브레이크타임 21:30 라스트오더', '금 11:30 - 22:30 15:30 - 16:20 브레이크타임 21:30 라스트오더', '토 11:30 - 22:30 15:30 - 16:20 브레이크타임 21:30 라스트오더', '일 11:30 - 22:30 15:30 - 16:20 브레이크타임 21:30 라스트오더']"
돼봉삼겹살 건대점,0,돼지고기구이,서울 광진구 아차산로33길 16-4 2층,0507-1320-0505,0,"https://map.naver.com/p/search/%EA%B4%91%EC%A7%84%EA%B5%AC%20%EB%8A%A5%EB%8F%99%20%EC%9D%8C%EC%8B%9D%EC%A0%90/place/1305486044?c=14.00,0,0,0,dh&placePath=%3Fentry%253Dbmp",['매일 17:00 - 05:00 04:00 라스트오더']
꾸아 건대점,0,베트남음식,서울 광진구 군자로3길 9,0507-1395-5468,0,"https://map.naver.com/p/search/%EA%B4%91%EC%A7%84%EA%B5%AC%20%EB%8A%A5%EB%8F%99%20%EC%9D%8C%EC%8B%9D%EC%A0%90/place/1269688804?c=14.00,0,0,0,dh&placePath=%3Fentry%253Dbmp","['월 11:30 - 21:00 15:30 - 17:00 브레이크타임 20:15 라스트오더', '화 11:30 - 21:00 15:30 - 17:00 브레이크타임 20:15 라스트오더', '수 11:30 - 21:00 15:30 - 17:00 브레이크타임 20:15 라스트오더', '목 11:30 - 21:00 15:30 - 17:00 브레이크타임 20:15 라스트오더', '금 11:30 - 21:00 15:30 - 17:00 브레이크타임 20:15 라스트오더', '토 11:30 - 21:00 20:15 라스트오더', '일 11:30 - 21:00 20:15 라스트오더']"
신사소곱창,0,"곱창,막창,양",서울 광진구 아차산로31길 39 1층 신사소곱창 건대점,02-2205-0103,0,"https://map.naver.com/p/search/%EA%B4%91%EC%A7%84%EA%B5%AC%20%EB%8A%A5%EB%8F%99%20%EC%9D%8C%EC%8B%9D%EC%A0%90/place/38003055?c=14.00,0,0,0,dh&placePath=%3Fentry%253Dbmp",['매일 16:30 - 01:30 01:00 라스트오더']
화기애애 건대본점,0,"육류,고기요리",서울 광진구 아차산로31길 16,0507-1355-7585,0,"https://map.naver.com/p/search/%EA%B4%91%EC%A7%84%EA%B5%AC%20%EB%8A%A5%EB%8F%99%20%EC%9D%8C%EC%8B%9D%EC%A0%90/place/19866308?c=14.00,0,0,0,dh&placePath=%3Fentry%253Dbmp","['월 13:00 - 23:00', '화 13:00 - 23:00', '수 13:00 - 23:00', '목 13:00 - 23:00', '금 13:00 - 23:00', '토 12:00 - 23:00', '일 12:00 - 23:00']"
예담밥상,0,한정식-일반,서울 광진구 동일로22길 13,0507-1443-0073,0,"https://map.naver.com/p/search/%EA%B4%91%EC%A7%84%EA%B5%AC%20%EB%8A%A5%EB%8F%99%20%EC%9D%8C%EC%8B%9D%EC%A0%90/place/13155444?c=14.00,0,0,0,dh&placePath=%3Fentry%253Dbmp","['월 10:00 - 22:00', '화 10:00 - 22:00', '수 10:00 - 22:00', '목 10:00 - 22:00', '금 10:00 - 22:00', '토 10:00 - 22:00', '일 10:00 - 22:00']"
박과장의 조은회사,0,생선회,서울 광진구 아차산로 345 래미안 프리미어팰리스 125호,0507-1335-6942,0,"https://map.naver.com/p/search/%EA%B4%91%EC%A7%84%EA%B5%AC%20%EB%8A%A5%EB%8F%99%20%EC%9D%8C%EC%8B%9D%EC%A0%90/place/1361911933?c=14.00,0,0,0,dh&placePath=%3Fentry%253Dbmp","['월 16:00 - 01:00', '화(4/2) 정기휴무 (격주 화요일)', '수 16:00 - 01:00', '목 16:00 - 01:00', '금 16:00 - 01:00', '토 15:00 - 24:00', '일 15:00 - 24:00', '격주 화요일 정기 휴무']"
육일관 본점,0,"육류,고기요리",서울 광진구 아차산로31길 10 육일관,0507-1324-5666,0,"https://map.naver.com/p/search/%EA%B4%91%EC%A7%84%EA%B5%AC%20%EB%8A%A5%EB%8F%99%20%EC%9D%8C%EC%8B%9D%EC%A0%90/place/37993226?c=14.00,0,0,0,dh&placePath=%3Fentry%253Dbmp","['월 15:00 - 23:00', '화 15:00 - 23:00', '수 15:00 - 23:00', '목 15:00 - 23:00', '금 15:00 - 23:00', '토 12:00 - 23:00', '일 12:00 - 23:00']"
건대 숯불부자곱창,0,"곱창,막창,양",서울 광진구 아차산로33길 48 1층,0507-1440-5546,0,"https://map.naver.com/p/search/%EA%B4%91%EC%A7%84%EA%B5%AC%20%EB%8A%A5%EB%8F%99%20%EC%9D%8C%EC%8B%9D%EC%A0%90/place/1261821265?c=14.00,0,0,0,dh&placePath=%3Fentry%253Dbmp","['월 16:00 - 03:00', '화 16:00 - 03:00', '수 16:00 - 03:00', '목 16:00 - 03:00', '금 16:00 - 03:00', '토 16:00 - 03:00', '일 16:00 - 03:00']"
간장삼겹살 동방생고기 건대점,0,"육류,고기요리",서울 광진구 아차산로31길 28 2층,0507-1337-3335,0,"https://map.naver.com/p/search/%EA%B4%91%EC%A7%84%EA%B5%AC%20%EB%8A%A5%EB%8F%99%20%EC%9D%8C%EC%8B%9D%EC%A0%90/place/1817069607?c=14.00,0,0,0,dh&placePath=%3Fentry%253Dbmp","['월 16:30 - 24:00', '화 16:30 - 24:00', '수 16:30 - 24:00', '목 16:30 - 24:00', '금 16:30 - 24:00', '토 16:30 - 24:00', '일 16:30 - 24:00']"
오마카세 오사이초밥 건대본점,0,"초밥,롤",서울 광진구 군자로 14 1층,0507-1423-5420,0,"https://map.naver.com/p/search/%EA%B4%91%EC%A7%84%EA%B5%AC%20%EB%8A%A5%EB%8F%99%20%EC%9D%8C%EC%8B%9D%EC%A0%90/place/1982870444?c=14.00,0,0,0,dh&placePath=%3Fentry%253Dbmp","['월 11:00 - 21:00 15:00 - 17:00 브레이크타임', '화 11:00 - 21:00 15:00 - 17:00 브레이크타임', '수 11:00 - 21:00 15:00 - 17:00 브레이크타임', '목 11:00 - 21:00 15:00 - 17:00 브레이크타임', '금 11:00 - 21:00 15:00 - 17:00 브레이크타임', '토 10:30 - 21:30 14:30 - 16:30 브레이크타임', '일 10:30 - 21:30 14:30 - 16:30 브레이크타임']"
성수완당,0,한식,서울 광진구 아차산로26길 13 1층,0507-1448-5243,0,"https://map.naver.com/p/search/%EA%B4%91%EC%A7%84%EA%B5%AC%20%EB%8A%A5%EB%8F%99%20%EC%9D%8C%EC%8B%9D%EC%A0%90/place/1683696846?c=14.00,0,0,0,dh&placePath=%3Fentry%253Dbmp","['월 11:30 - 21:00 15:00 - 17:00 브레이크타임 14:30, 20:30 라스트오더', '화 11:30 - 21:00 15:00 - 17:00 브레이크타임 14:30, 20:30 라스트오더', '수 11:30 - 21:00 15:00 - 17:00 브레이크타임 14:30, 20:30 라스트오더', '목 11:30 - 21:00 15:00 - 17:00 브레이크타임 14:30, 20:30 라스트오더', '금 11:30 - 21:00 15:00 - 17:00 브레이크타임 14:30, 20:30 라스트오더', '토 11:30 - 21:00 15:00 - 17:00 브레이크타임 14:30, 20:30 라스트오더', '일 11:30 - 21:00 15:00 - 17:00 브레이크타임 14:30, 20:30 라스트오더', '생방송투데이 2955회, 21.12.15. 2021년 12월 15일  파파닭다리완당면']"
킹스낵,0,종합분식,서울 광진구 동일로20길 32 1층 101호,0507-1310-5242,0,"https://map.naver.com/p/search/%EA%B4%91%EC%A7%84%EA%B5%AC%20%EB%8A%A5%EB%8F%99%20%EC%9D%8C%EC%8B%9D%EC%A0%90/place/1716871758?c=14.00,0,0,0,dh&placePath=%3Fentry%253Dbmp","['월 정기휴무 (매주 월요일)', '화 12:00 - 21:00 15:00 - 17:00 브레이크타임 14:30, 20:30 라스트오더', '수 12:00 - 21:00 15:00 - 17:00 브레이크타임 14:30, 20:30 라스트오더', '목 12:00 - 21:00 15:00 - 17:00 브레이크타임 14:30, 20:30 라스트오더', '금 12:00 - 21:00 15:00 - 17:00 브레이크타임 14:30, 20:30 라스트오더', '토 12:00 - 21:00 15:00 - 17:00 브레이크타임 14:30, 20:30 라스트오더', '일 12:00 - 21:00 15:00 - 17:00 브레이크타임 14:30, 20:30 라스트오더']"
마초쉐프 건대점,0,이탈리아음식,서울 광진구 능동로 125 2층 마초쉐프 건대점,0507-1344-8892,0,"https://map.naver.com/p/search/%EA%B4%91%EC%A7%84%EA%B5%AC%20%EB%8A%A5%EB%8F%99%20%EC%9D%8C%EC%8B%9D%EC%A0%90/place/605585253?c=14.00,0,0,0,dh&placePath=%3Fentry%253Dbmp","['월 11:30 - 22:00 15:00 - 17:00 브레이크타임 15:00 - 17:00 브레이크타임', '화 11:30 - 22:00 15:00 - 17:00 브레이크타임 15:00 - 17:00 브레이크타임', '수 11:30 - 22:00 15:00 - 17:00 브레이크타임 15:00 - 17:00 브레이크타임', '목 11:30 - 22:00 15:00 - 17:00 브레이크타임 15:00 - 17:00 브레이크타임', '금 11:30 - 22:00 15:00 - 17:00 브레이크타임 15:00 - 17:00 브레이크타임', '토 11:30 - 22:00', '일 11:30 - 22:00']"
온달집 건대점,0,"육류,고기요리",서울 광진구 아차산로33길 46 온달집 건대점,0507-1389-1298,0,"https://map.naver.com/p/search/%EA%B4%91%EC%A7%84%EA%B5%AC%20%EB%8A%A5%EB%8F%99%20%EC%9D%8C%EC%8B%9D%EC%A0%90/place/1586693898?c=14.00,0,0,0,dh&placePath=%3Fentry%253Dbmp","['월 17:00 - 02:00 01:30 라스트오더', '화 17:00 - 02:00 01:30 라스트오더', '수 17:00 - 02:00 01:30 라스트오더', '목 17:00 - 02:00 01:30 라스트오더', '금 17:00 - 03:00 02:30 라스트오더', '토 17:00 - 03:00 02:30 라스트오더', '일 17:00 - 02:00 01:30 라스트오더']"
쿠우쿠우 블루레일 건대직영점,0,"일식,초밥뷔페","서울 광진구 아차산로 225 5층(화양동,단산화빌딩)",02-465-6274,0,"https://map.naver.com/p/search/%EA%B4%91%EC%A7%84%EA%B5%AC%20%EB%8A%A5%EB%8F%99%20%EC%9D%8C%EC%8B%9D%EC%A0%90/place/1177572309?c=14.00,0,0,0,dh&placePath=%3Fentry%253Dbmp","['월 11:00 - 22:00 21:00 라스트오더', '화 11:00 - 22:00 21:00 라스트오더', '수 11:00 - 22:00 21:00 라스트오더', '목 11:00 - 22:00 21:00 라스트오더', '금 11:00 - 22:00 21:00 라스트오더', '토 11:00 - 22:00 21:00 라스트오더', '일 11:00 - 22:00 21:00 라스트오더']"
호야초밥참치 본점,0,"초밥,롤",서울 광진구 능동로13길 39 1층,0507-1498-3739,0,"https://map.naver.com/p/search/%EA%B4%91%EC%A7%84%EA%B5%AC%20%EB%8A%A5%EB%8F%99%20%EC%9D%8C%EC%8B%9D%EC%A0%90/place/32089668?c=14.00,0,0,0,dh&placePath=%3Fentry%253Dbmp","['월 정기휴무 (매주 월요일)', '화 11:30 - 22:00 15:00 - 16:30 브레이크타임', '수 11:30 - 22:00 15:00 - 16:30 브레이크타임', '목 11:30 - 22:00 15:00 - 16:30 브레이크타임', '금 11:30 - 22:00 15:00 - 16:30 브레이크타임', '토 11:30 - 22:00', '일 11:30 - 22:00']"
중경식객 건대점,0,중식당,서울 광진구 동일로20길 109,02-463-7789,0,"https://map.naver.com/p/search/%EA%B4%91%EC%A7%84%EA%B5%AC%20%EB%8A%A5%EB%8F%99%20%EC%9D%8C%EC%8B%9D%EC%A0%90/place/1802587243?c=14.00,0,0,0,dh&placePath=%3Fentry%253Dbmp",['매일 11:00 - 23:00 22:00 라스트오더']
뽕사부,0,중식당,서울 광진구 아차산로 205,02-462-1008,0,"https://map.naver.com/p/search/%EA%B4%91%EC%A7%84%EA%B5%AC%20%EB%8A%A5%EB%8F%99%20%EC%9D%8C%EC%8B%9D%EC%A0%90/place/1136089786?c=14.00,0,0,0,dh&placePath=%3Fentry%253Dbmp",['매일 00:00 - 24:00']
송화산시도삭면 2호점,0,중식당,서울 광진구 아차산로30길 33,0507-1476-7832,0,"https://map.naver.com/p/search/%EA%B4%91%EC%A7%84%EA%B5%AC%20%EB%8A%A5%EB%8F%99%20%EC%9D%8C%EC%8B%9D%EC%A0%90/place/1112754194?c=14.00,0,0,0,dh&placePath=%3Fentry%253Dbmp","['월 12:00 - 23:30 15:00 - 16:00 브레이크타임 22:45 라스트오더', '화 12:00 - 23:30 15:00 - 16:00 브레이크타임 22:45 라스트오더', '수 12:00 - 23:30 15:00 - 16:00 브레이크타임 22:45 라스트오더', '목 12:00 - 23:30 15:00 - 16:00 브레이크타임 22:45 라스트오더', '금 12:00 - 23:30 15:00 - 16:00 브레이크타임 22:45 라스트오더', '토 12:00 - 23:30 15:00 - 16:00 브레이크타임 22:45 라스트오더', '일 12:00 - 23:30 15:00 - 16:00 브레이크타임 22:45 라스트오더', '생방송투데이 3165회, 22.11.01. 2022년 11월 1일  도삭면']"
드로잉레시피,0,양식,서울 광진구 뚝섬로33길 45 드로잉레시피,0507-1412-5334,0,"https://map.naver.com/p/search/%EA%B4%91%EC%A7%84%EA%B5%AC%20%EB%8A%A5%EB%8F%99%20%EC%9D%8C%EC%8B%9D%EC%A0%90/place/1095584677?c=13.00,0,0,0,dh&placePath=%3Fentry%253Dbmp","['월 12:00 - 22:00 15:00 - 17:30 브레이크타임 14:30, 21:30 라스트오더', '화 12:00 - 22:00 15:00 - 17:30 브레이크타임 14:30, 21:30 라스트오더', '수 12:00 - 22:00 15:00 - 17:30 브레이크타임 14:30, 21:30 라스트오더', '목 12:00 - 22:00 15:00 - 17:30 브레이크타임 14:30, 21:30 라스트오더', '금 12:00 - 22:00 15:00 - 17:30 브레이크타임 14:30, 21:30 라스트오더', '토 12:00 - 22:00 15:00 - 17:30 브레이크타임 14:30, 21:30 라스트오더', '일 12:00 - 22:00 15:00 - 17:30 브레이크타임 14:30, 21:30 라스트오더']"
고향양꼬치,0,양꼬치,서울 광진구 동일로18길 101,0507-1434-3618,0,"https://map.naver.com/p/search/%EA%B4%91%EC%A7%84%EA%B5%AC%20%EB%8A%A5%EB%8F%99%20%EC%9D%8C%EC%8B%9D%EC%A0%90/place/31186491?c=13.00,0,0,0,dh&placePath=%3Fentry%253Dbmp","['매일 11:30 - 01:00', '맛있는녀석들 163회, 18.04.06. 2018년 4월 6일  양고기', '', '']"
건대사시미,0,생선회,서울 광진구 아차산로33길 23,0507-1419-3224,0,"https://map.naver.com/p/search/%EA%B4%91%EC%A7%84%EA%B5%AC%20%EB%8A%A5%EB%8F%99%20%EC%9D%8C%EC%8B%9D%EC%A0%90/place/33626444?c=13.00,0,0,0,dh&placePath=%3Fentry%253Dbmp","['월 16:00 - 02:00 01:00 라스트오더', '화 16:00 - 02:00 01:00 라스트오더', '수 16:00 - 02:00 01:00 라스트오더', '목 16:00 - 02:00 01:00 라스트오더', '금 16:00 - 03:00 02:00 라스트오더', '토 16:00 - 03:00 02:00 라스트오더', '일 16:00 - 02:00 01:00 라스트오더']"
연길양꼬치 연길냉면 건대본점,0,양꼬치,서울 광진구 동일로18길 86,02-463-7741,0,"https://map.naver.com/p/search/%EA%B4%91%EC%A7%84%EA%B5%AC%20%EB%8A%A5%EB%8F%99%20%EC%9D%8C%EC%8B%9D%EC%A0%90/place/37535377?c=13.00,0,0,0,dh&placePath=%3Fentry%253Dbmp","['매일 11:00 - 24:00', '생방송오늘저녁 1893회, 22.10.26. 2022년 10월 26일  양꼬치/어향가지/향라새우']"
늘조은한우 구의직영점,0,소고기구이,"서울 광진구 아차산로 355 광진아크로텔 103, 104호",0507-1389-8315,0,"https://map.naver.com/p/search/%EA%B4%91%EC%A7%84%EA%B5%AC%20%EB%8A%A5%EB%8F%99%20%EC%9D%8C%EC%8B%9D%EC%A0%90/place/1518421501?c=13.00,0,0,0,dh&placePath=%3Fentry%253Dbmp","['월 11:00 - 23:00 22:30 라스트오더', '화 11:00 - 23:00 22:30 라스트오더', '수 11:00 - 23:00 22:30 라스트오더', '목 11:00 - 23:00 22:30 라스트오더', '금 11:00 - 23:00 22:30 라스트오더', '토 12:00 - 23:00 22:30 라스트오더', '일 정기휴무 (매주 일요일)']"
대한이네 자양시장점,0,"육류,고기요리",서울 광진구 자양로15길 75 대한이네,0507-1382-4480,0,"https://map.naver.com/p/search/%EC%9E%90%EC%96%91%EB%8F%99%20%EC%9D%8C%EC%8B%9D%EC%A0%90/place/1073487578?c=14.00,0,0,0,dh&placePath=%3Fentry%253Dbmp","['월 10:00 - 19:30', '화 10:00 - 19:30', '수 10:00 - 19:30', '목 10:00 - 19:30', '금 10:00 - 19:30', '토 10:00 - 19:30', '일 정기휴무 (매주 일요일)']"
계탄집,0,닭갈비,서울 광진구 능동로 31 1층 계탄집,0507-1414-6804,0,"https://map.naver.com/p/search/%EC%9E%90%EC%96%91%EB%8F%99%20%EC%9D%8C%EC%8B%9D%EC%A0%90/place/36960619?c=14.00,0,0,0,dh&placePath=%3Fentry%253Dbmp","['월 17:00 - 23:30 23:00 라스트오더', '화 17:00 - 23:30 23:00 라스트오더', '수 17:00 - 23:30 23:00 라스트오더', '목 17:00 - 23:30 23:00 라스트오더', '금 17:00 - 23:30 23:00 라스트오더', '토 12:00 - 23:30 23:00 라스트오더', '일 12:00 - 23:30 23:00 라스트오더', '생방송오늘저녁 459회, 16.10.06. 2016년 10월 6일  닭갈비', '']"
아마 건대점,0,인도음식,서울 광진구 동일로20길 72 2층,0507-1401-8307,0,"https://map.naver.com/p/search/%EC%9E%90%EC%96%91%EB%8F%99%20%EC%9D%8C%EC%8B%9D%EC%A0%90/place/1586812347?c=14.00,0,0,0,dh&placePath=%3Fentry%253Dbmp",['매일 11:00 - 22:00 21:30 라스트오더']
얼땅쟈 본점,0,중식당,서울 광진구 동일로18길 68,02-467-2886,0,"https://map.naver.com/p/search/%EC%9E%90%EC%96%91%EB%8F%99%20%EC%9D%8C%EC%8B%9D%EC%A0%90/place/1429339118?c=14.00,0,0,0,dh&placePath=%3Fentry%253Dbmp",['매일 11:00 - 24:00']
오유미당 건대점,0,돈가스,서울 광진구 동일로20길 105 2층,0507-1394-0280,0,"https://map.naver.com/p/search/%EC%9E%90%EC%96%91%EB%8F%99%20%EC%9D%8C%EC%8B%9D%EC%A0%90/place/1687695237?c=14.00,0,0,0,dh&placePath=%3Fentry%253Dbmp","['월 11:00 - 22:00 21:00 라스트오더', '화 11:00 - 22:00 21:00 라스트오더', '수 11:00 - 22:00 21:00 라스트오더', '목 11:00 - 22:00 21:00 라스트오더', '금 11:00 - 22:00 21:00 라스트오더', '토 11:00 - 22:00 21:00 라스트오더', '일 11:00 - 22:00 21:00 라스트오더']"
스시 자양,0,"초밥,롤",서울 광진구 뚝섬로 606 1층 3호,010-5121-6979,0,"https://map.naver.com/p/search/%EC%9E%90%EC%96%91%EB%8F%99%20%EC%9D%8C%EC%8B%9D%EC%A0%90/place/1079071586?c=14.00,0,0,0,dh&placePath=%3Fentry%253Dbmp","['월 12:30 - 22:00 14:30 - 16:30 브레이크타임 21:30 라스트오더', '화(4/2) 휴무', '수 12:30 - 22:00 14:30 - 16:30 브레이크타임 21:30 라스트오더', '목 12:30 - 22:00 14:30 - 16:30 브레이크타임 21:30 라스트오더', '금 12:30 - 22:00 14:30 - 16:30 브레이크타임 21:30 라스트오더', '토 12:30 - 22:00 14:30 - 16:30 브레이크타임 21:30 라스트오더', '일 12:30 - 22:00 14:30 - 16:30 브레이크타임 21:30 라스트오더', '']"
마라비빔면&쇠고기냉면,0,중식당,서울 광진구 능동로 69 1층 134호,0507-1420-6684,0,"https://map.naver.com/p/search/%EC%9E%90%EC%96%91%EB%8F%99%20%EC%9D%8C%EC%8B%9D%EC%A0%90/place/1011010308?c=14.00,0,0,0,dh&placePath=%3Fentry%253Dbmp","['월 11:00 - 22:30', '화 11:00 - 22:30', '수 11:00 - 22:30', '목 11:00 - 22:30', '금 11:00 - 22:30', '토 11:00 - 22:30', '일 11:00 - 22:30']"
더 클래식 500 라구뜨,0,뷔페,서울 광진구 능동로 90 더클래식500 B동 3층,02-2218-5771,0,"https://map.naver.com/p/search/%EC%9E%90%EC%96%91%EB%8F%99%20%EC%9D%8C%EC%8B%9D%EC%A0%90/place/13564309?c=14.00,0,0,0,dh&placePath=%3Fentry%253Dbmp","['월 07:00 - 21:30 10:00 - 12:00 브레이크타임 14:30 - 18:00 브레이크타임', '화 07:00 - 21:30 10:00 - 12:00 브레이크타임 14:30 - 18:00 브레이크타임', '수 07:00 - 21:30 10:00 - 12:00 브레이크타임 14:30 - 18:00 브레이크타임', '목 07:00 - 21:30 10:00 - 12:00 브레이크타임 14:30 - 18:00 브레이크타임', '금 07:00 - 21:30 10:00 - 12:00 브레이크타임 14:30 - 18:00 브레이크타임', '토 07:00 - 21:30 10:00 - 12:00 브레이크타임 14:30 - 17:00 브레이크타임', '일 07:00 - 21:00 10:00 - 12:00 브레이크타임 14:30 - 17:30 브레이크타임']"
라화쿵부 건대점,0,마라탕,서울 광진구 아차산로30길 42 1~2층,0507-1464-7818,0,"https://map.naver.com/p/search/%EC%9E%90%EC%96%91%EB%8F%99%20%EC%9D%8C%EC%8B%9D%EC%A0%90/place/36813148?c=14.00,0,0,0,dh&placePath=%3Fentry%253Dbmp","['매일 10:00 - 02:00 01:30 라스트오더', '생방송투데이 1511회, 15.11.09. 2015년 11월 9일  ']"
고공 자양점,0,"육류,고기요리",서울 광진구 뚝섬로 620-1 1층,070-7636-9292,0,"https://map.naver.com/p/search/%EC%9E%90%EC%96%91%EB%8F%99%20%EC%9D%8C%EC%8B%9D%EC%A0%90/place/1554405080?c=14.00,0,0,0,dh&placePath=%3Fentry%253Dbmp","['월 16:00 - 23:30 22:30 라스트오더', '화 16:00 - 23:30 22:30 라스트오더', '수 16:00 - 23:30 22:30 라스트오더', '목 16:00 - 23:30 22:30 라스트오더', '금 16:00 - 23:30 22:30 라스트오더', '토 12:30 - 23:30 22:30 라스트오더', '일 12:30 - 23:00 22:00 라스트오더']"
고흥순대국머리고기 본점,0,"순대,순댓국",서울 광진구 아차산로34길 26,02-497-7876,0,"https://map.naver.com/p/search/%EC%9E%90%EC%96%91%EB%8F%99%20%EC%9D%8C%EC%8B%9D%EC%A0%90/place/38274918?c=14.00,0,0,0,dh&placePath=%3Fentry%253Dbmp",['매일 06:00 - 23:00']
연옥양꼬치,0,양꼬치,서울 광진구 동일로18길 42 연옥양꼬치,02-461-9368,0,"https://map.naver.com/p/search/%EC%9E%90%EC%96%91%EB%8F%99%20%EC%9D%8C%EC%8B%9D%EC%A0%90/place/599370022?c=14.00,0,0,0,dh&placePath=%3Fentry%253Dbmp","['매일 11:00 - 24:00', '생방송투데이 2450회, 19.11.15. 2019년 11월 15일  양꼬치']"
달팽이부엌,0,돈가스,서울 광진구 자양번영로4길 19 1층(자양동),0507-1306-2677,0,"https://map.naver.com/p/search/%EC%9E%90%EC%96%91%EB%8F%99%20%EC%9D%8C%EC%8B%9D%EC%A0%90/place/1910118376?c=14.00,0,0,0,dh&placePath=%3Fentry%253Dbmp","['월 정기휴무 (매주 월요일)', '화 11:30 - 20:00 14:00 - 17:00 브레이크타임 13:45, 19:45 라스트오더', '수 11:30 - 20:00 14:00 - 17:00 브레이크타임 13:45, 19:45 라스트오더', '목 11:30 - 20:00 14:00 - 17:00 브레이크타임 13:45, 19:45 라스트오더', '금 11:30 - 20:00 14:00 - 17:00 브레이크타임 13:45, 19:45 라스트오더', '토 11:30 - 20:00 15:00 - 17:00 브레이크타임 14:45, 19:45 라스트오더', '일 11:30 - 20:00 15:00 - 17:00 브레이크타임 14:45, 19:45 라스트오더']"
송화양꼬치,0,양꼬치,서울 광진구 동일로18길 70,0507-1411-7826,0,"https://map.naver.com/p/search/%EC%9E%90%EC%96%91%EB%8F%99%20%EC%9D%8C%EC%8B%9D%EC%A0%90/place/12966607?c=14.00,0,0,0,dh&placePath=%3Fentry%253Dbmp","['월 12:00 - 01:00', '화 정기휴무 (매주 화요일)', '수 12:00 - 01:00', '목 12:00 - 01:00', '금 12:00 - 01:00', '토 11:00 - 24:00', '일 11:00 - 24:00', '맛있을지도 25회, 16.09.11. 2016년 9월 11일  양꼬치/가지볶음']"
민정식당,0,한식,서울 광진구 아차산로42길 41-4 1층,02-452-3574,0,"https://map.naver.com/p/search/%EC%9E%90%EC%96%91%EB%8F%99%20%EC%9D%8C%EC%8B%9D%EC%A0%90/place/36797971?c=14.00,0,0,0,dh&placePath=%3Fentry%253Dbmp","['월 11:00 - 22:00 15:00 - 16:30 브레이크타임', '화 11:00 - 22:00 15:00 - 16:30 브레이크타임', '수 11:00 - 22:00 15:00 - 16:30 브레이크타임', '목 11:00 - 22:00 15:00 - 16:30 브레이크타임', '금 11:00 - 22:00 15:00 - 16:30 브레이크타임', '토 11:00 - 22:00 15:00 - 16:30 브레이크타임', '일 정기휴무 (매주 일요일)', '식객허영만의백반기행 215회, 23.09.08. 2023년 9월 8일  소모듬수육/누룽지사리']"
육화본,0,돼지고기구이,서울 광진구 뚝섬로 636 1층,0507-1360-1502,0,"https://map.naver.com/p/search/%EC%9E%90%EC%96%91%EB%8F%99%20%EC%9D%8C%EC%8B%9D%EC%A0%90/place/1860870725?c=14.00,0,0,0,dh&placePath=%3Fentry%253Dbmp","['월 15:00 - 24:00', '화 15:00 - 24:00', '수 15:00 - 24:00', '목 15:00 - 24:00', '금 15:00 - 24:00', '토 12:00 - 22:00', '일 12:00 - 22:00']"
경성양육관,0,양꼬치,서울 광진구 동일로18길 52 1층,0507-1337-6880,0,"https://map.naver.com/p/search/%EC%9E%90%EC%96%91%EB%8F%99%20%EC%9D%8C%EC%8B%9D%EC%A0%90/place/13152569?c=14.00,0,0,0,dh&placePath=%3Fentry%253Dbmp","['매일 11:00 - 24:00', '생방송투데이 2118회, 18.06.06. 2018년 6월 6일  꿔바로우', '']"
기절초풍물닭갈비 자양점,0,닭갈비,서울 광진구 자양로13길 88-1 1층,0507-1492-9223,0,"https://map.naver.com/p/search/%EC%9E%90%EC%96%91%EB%8F%99%20%EC%9D%8C%EC%8B%9D%EC%A0%90/place/13155213?c=14.00,0,0,0,dh&placePath=%3Fentry%253Dbmp","['월 11:00 - 23:00 15:00 - 17:00 브레이크타임 22:00 라스트오더', '화 11:00 - 23:00 15:00 - 17:00 브레이크타임 22:00 라스트오더', '수 11:00 - 23:00 15:00 - 17:00 브레이크타임 22:00 라스트오더', '목 11:00 - 23:00 15:00 - 17:00 브레이크타임 22:00 라스트오더', '금 11:00 - 23:00 15:00 - 17:00 브레이크타임 22:00 라스트오더', '토 11:00 - 23:00 15:00 - 17:00 브레이크타임 22:00 라스트오더', '일 11:00 - 23:00 15:00 - 17:00 브레이크타임 22:00 라스트오더']"
원보양꼬치,0,양꼬치,서울 광진구 동일로18길 23,02-467-7771,0,"https://map.naver.com/p/search/%EC%9E%90%EC%96%91%EB%8F%99%20%EC%9D%8C%EC%8B%9D%EC%A0%90/place/20502394?c=14.00,0,0,0,dh&placePath=%3Fentry%253Dbmp","['매일 12:00 - 03:00', '맛있을지도시즌3 16회, 17.09.17. 2017년 9월 17일  양꼬치/양고급갈비']"
누룽지통닭 뚝섬유원지점,0,"치킨,닭강정",서울 광진구 능동로 7,0507-1405-1240,0,"https://map.naver.com/p/search/%EC%9E%90%EC%96%91%EB%8F%99%20%EC%9D%8C%EC%8B%9D%EC%A0%90/place/37103489?c=14.00,0,0,0,dh&placePath=%3Fentry%253Dbmp","['월 17:00 - 23:30', '화 17:00 - 23:30', '수 17:00 - 23:30', '목 17:00 - 23:30', '금 17:00 - 23:30', '토 12:00 - 23:30', '일 12:00 - 23:30']"
봉자마라탕,0,중식당,서울 광진구 동일로18길 22,02-499-8889,0,"https://map.naver.com/p/search/%EC%9E%90%EC%96%91%EB%8F%99%20%EC%9D%8C%EC%8B%9D%EC%A0%90/place/31398030?c=14.00,0,0,0,dh&placePath=%3Fentry%253Dbmp","['매일 11:00 - 24:00', '맛있는녀석들 382회, 22.06.17. 2022년 6월 17일  경장육사']"
솔솥 건대스타시티점,0,한식,"서울 광진구 아차산로 272 지하 1층 B111-3, 4호",0507-1444-3437,0,"https://map.naver.com/p/search/%EC%9E%90%EC%96%91%EB%8F%99%20%EC%9D%8C%EC%8B%9D%EC%A0%90/place/1066813975?c=14.00,0,0,0,dh&placePath=%3Fentry%253Dbmp",['매일 11:00 - 21:00 20:30 라스트오더']
릴버거,0,햄버거,서울 광진구 자양강변길 89 1층,02-499-0412,0,"https://map.naver.com/p/search/%EC%9E%90%EC%96%91%EB%8F%99%20%EC%9D%8C%EC%8B%9D%EC%A0%90/place/1717346517?c=14.00,0,0,0,dh&placePath=%3Fentry%253Dbmp","['월 11:30 - 22:00 14:30 - 17:30 브레이크타임 21:00 라스트오더', '화 11:30 - 22:00 14:30 - 17:30 브레이크타임 21:00 라스트오더', '수 11:30 - 22:00 14:30 - 17:30 브레이크타임 21:00 라스트오더', '목 11:30 - 22:00 14:30 - 17:30 브레이크타임 21:00 라스트오더', '금 11:30 - 22:00 14:30 - 17:30 브레이크타임 21:00 라스트오더', '토 11:30 - 22:00 16:00 - 17:00 브레이크타임 21:00 라스트오더', '일 11:30 - 22:00 16:00 - 17:00 브레이크타임 21:00 라스트오더']"
고육담,0,샤브샤브,서울 광진구 동일로20길 60 1층,0507-1443-5277,0,"https://map.naver.com/p/search/%EC%9E%90%EC%96%91%EB%8F%99%20%EC%9D%8C%EC%8B%9D%EC%A0%90/place/1648094875?c=14.00,0,0,0,dh&placePath=%3Fentry%253Dbmp",['매일 11:30 - 21:00 15:00 - 17:00 브레이크타임']
해룡마라룽샤 건대점,0,중식당,서울 광진구 동일로18길 36 도시엔 1층,0507-1489-4018,0,"https://map.naver.com/p/search/%EC%9E%90%EC%96%91%EB%8F%99%20%EC%9D%8C%EC%8B%9D%EC%A0%90/place/37910759?c=14.00,0,0,0,dh&placePath=%3Fentry%253Dbmp","['월(4/1) 정기휴무 (매달 1, 3번째 월요일)', '화 12:00 - 23:30 23:00 라스트오더', '수 12:00 - 23:30 23:00 라스트오더', '목 12:00 - 23:30 23:00 라스트오더', '금 12:00 - 23:30 23:00 라스트오더', '토 12:00 - 23:30 23:00 라스트오더', '일 12:00 - 23:00 22:30 라스트오더', '매달 1, 3번째 월요일 정기 휴무']"
대흥양다리바베큐 건대점,0,양꼬치,서울 광진구 아차산로30길 39 1층,0507-1369-6669,0,"https://map.naver.com/p/search/%EC%9E%90%EC%96%91%EB%8F%99%20%EC%9D%8C%EC%8B%9D%EC%A0%90/place/1589238968?c=13.00,0,0,0,dh&placePath=%3Fentry%253Dbmp","['월 12:00 - 24:00', '화 12:00 - 24:00', '수 12:00 - 24:00', '목 12:00 - 24:00', '금 12:00 - 24:00', '토 12:00 - 24:00', '일 12:00 - 24:00', '2TV생생정보 1266회, 21.03.10. 2021년 3월 10일  양다리바비큐/양곰탕/양고기만두']"
평창고추장닭갈비 자양본점,0,"육류,고기요리",서울 광진구 뚝섬로 631,02-444-8749,0,"https://map.naver.com/p/search/%EC%9E%90%EC%96%91%EB%8F%99%20%EC%9D%8C%EC%8B%9D%EC%A0%90/place/145942228?c=13.00,0,0,0,dh&placePath=%3Fentry%253Dbmp","['일 10:00 - 04:00', '월 10:00 - 04:00', '화 정기휴무 (매주 화요일)', '수 10:00 - 04:00', '목 10:00 - 04:00', '금 10:00 - 04:00', '토 10:00 - 04:00', '2TV생생정보 355회, 17.06.21. 2017년 6월 21일  돼지고추장찌개/차돌된장찌개']"
훈춘양꼬치,0,양꼬치,서울 광진구 아차산로34길 38,02-464-6808,0,"https://map.naver.com/p/search/%EC%9E%90%EC%96%91%EB%8F%99%20%EC%9D%8C%EC%8B%9D%EC%A0%90/place/37350325?c=13.00,0,0,0,dh&placePath=%3Fentry%253Dbmp",['매일 11:00 - 01:30']
반둥식당,0,아시아음식,서울 광진구 아차산로 200 커먼그라운드 3층,0507-1355-1288,0,"https://map.naver.com/p/search/%EC%9E%90%EC%96%91%EB%8F%99%20%EC%9D%8C%EC%8B%9D%EC%A0%90/place/1685881434?c=13.00,0,0,0,dh&placePath=%3Fentry%253Dbmp","['매일 11:00 - 22:00 15:00 - 16:30 브레이크타임 21:00 라스트오더', '모닝와이드 7377회, 20.07.17. 2020년 7월 17일  인도네시아비빔국수']"
명륜진사갈비 서울자양점,0,"육류,고기요리",서울 광진구 뚝섬로 503,02-464-4564,0,"https://map.naver.com/p/search/%EC%9E%90%EC%96%91%EB%8F%99%20%EC%9D%8C%EC%8B%9D%EC%A0%90/place/1590861570?c=13.00,0,0,0,dh&placePath=%3Fentry%253Dbmp",['매일 12:00 - 22:30']
홍콩우육탕면 건대점,0,중식당,서울 광진구 동일로18길 65 2층,0507-1387-2180,0,"https://map.naver.com/p/search/%EC%9E%90%EC%96%91%EB%8F%99%20%EC%9D%8C%EC%8B%9D%EC%A0%90/place/1371126498?c=13.00,0,0,0,dh&placePath=%3Fentry%253Dbmp","['월 12:00 - 23:00', '화 12:00 - 23:00', '수 12:00 - 23:00', '목 12:00 - 23:00', '금 12:00 - 23:00', '토 12:00 - 23:00', '일 12:00 - 23:00']"
폽타이와웨이브6,0,태국음식,서울 광진구 자양번영로6길 60 1층,02-444-7112,0,"https://map.naver.com/p/search/%EC%9E%90%EC%96%91%EB%8F%99%20%EC%9D%8C%EC%8B%9D%EC%A0%90/place/1103916628?c=13.00,0,0,0,dh&placePath=%3Fentry%253Dbmp","['월 정기휴무 (매주 월요일)', '화 11:30 - 23:30 15:00 - 17:00 브레이크타임 23:25 라스트오더', '수 11:30 - 23:30 15:00 - 17:00 브레이크타임 23:25 라스트오더', '목 11:30 - 23:30 15:00 - 17:00 브레이크타임 23:25 라스트오더', '금 11:30 - 23:30 15:00 - 17:00 브레이크타임 23:25 라스트오더', '토 11:30 - 23:30 23:25 라스트오더', '일 11:30 - 23:30 23:25 라스트오더']"
조현우국밥,0,국밥,서울 광진구 자양로13길 60 1층,0507-1352-8638,0,"https://map.naver.com/p/search/%EC%9E%90%EC%96%91%EB%8F%99%20%EC%9D%8C%EC%8B%9D%EC%A0%90/place/1212660212?c=13.00,0,0,0,dh&placePath=%3Fentry%253Dbmp","['월 10:00 - 22:00 15:30 - 17:00 브레이크타임 14:30, 21:00 라스트오더', '화 10:00 - 22:00 15:30 - 17:00 브레이크타임 14:30, 21:00 라스트오더', '수 10:00 - 22:00 15:30 - 17:00 브레이크타임 14:30, 21:00 라스트오더', '목 10:00 - 22:00 15:30 - 17:00 브레이크타임 14:30, 21:00 라스트오더', '금 10:00 - 22:00 15:30 - 17:00 브레이크타임 14:30, 21:00 라스트오더', '토 10:00 - 15:30 14:30 라스트오더', '일 정기휴무 (매주 일요일)', '놀라운토요일 225회, 22.08.13. 2022년 8월 13일  돼지갈비탕']"
매화반점 본점,0,양꼬치,서울 광진구 동일로18길 105,02-498-1939,0,"https://map.naver.com/p/search/%EC%9E%90%EC%96%91%EB%8F%99%20%EC%9D%8C%EC%8B%9D%EC%A0%90/place/1798512048?c=13.00,0,0,0,dh&placePath=%3Fentry%253Dbmp","['월 11:30 - 24:00', '화 11:30 - 24:00', '수 11:30 - 24:00', '목 11:30 - 24:00', '금 11:30 - 24:00', '토 11:30 - 24:00', '일 11:30 - 24:00', '맛있는녀석들 102회, 17.02.06. 2017년 2월 6일  대방어회/깐풍기']"
명륜진사갈비 구의역점,0,"육류,고기요리",서울 광진구 아차산로 380 1층,02-2201-8150,0,"https://map.naver.com/p/search/%EC%9E%90%EC%96%91%EB%8F%99%20%EC%9D%8C%EC%8B%9D%EC%A0%90/place/1808134871?c=13.00,0,0,0,dh&placePath=%3Fentry%253Dbmp","['월 12:00 - 22:00', '화 12:00 - 22:00', '수 12:00 - 22:00', '목 12:00 - 22:00', '금 12:00 - 22:30', '토 12:00 - 22:30', '일 12:00 - 22:00']"
싱싱샐러드 건대점,0,"다이어트,샐러드",서울 광진구 능동로 68 b동 108호,0507-1473-1280,0,"https://map.naver.com/p/search/%EC%9E%90%EC%96%91%EB%8F%99%20%EC%9D%8C%EC%8B%9D%EC%A0%90/place/1137013869?c=13.00,0,0,0,dh&placePath=%3Fentry%253Dbmp","['월 11:00 - 23:00 15:00 - 16:30 브레이크타임 22:30 라스트오더', '화 11:00 - 23:00 15:00 - 16:30 브레이크타임 22:30 라스트오더', '수 11:00 - 23:00 15:00 - 16:30 브레이크타임 22:30 라스트오더', '목 11:00 - 23:00 15:00 - 16:30 브레이크타임 22:30 라스트오더', '금 11:00 - 23:00 15:00 - 16:30 브레이크타임 22:30 라스트오더', '토 11:00 - 20:00 15:00 - 16:00 브레이크타임 19:30 라스트오더', '일 11:00 - 20:00 15:00 - 16:00 브레이크타임 19:30 라스트오더', '매달 5번째 일요일 정기 휴무']"
타코벨 건대스타시티점,0,"멕시코,남미음식",서울 광진구 아차산로 262 스타시티몰 B1,02-447-4540,0,"https://map.naver.com/p/search/%EC%9E%90%EC%96%91%EB%8F%99%20%EC%9D%8C%EC%8B%9D%EC%A0%90/place/38676321?c=13.00,0,0,0,dh&placePath=%3Fentry%253Dbmp",['매일 11:00 - 22:00']
안동참찜닭 본점,0,찜닭,서울 광진구 동일로20길 117,02-499-3530,0,"https://map.naver.com/p/search/%EC%9E%90%EC%96%91%EB%8F%99%20%EC%9D%8C%EC%8B%9D%EC%A0%90/place/37792836?c=13.00,0,0,0,dh&placePath=%3Fentry%253Dbmp","['매일 11:00 - 24:00', '생방송투데이 2175회, 18.09.12. 2018년 9월 12일  찜닭']"
백돈 구의점,0,돈가스,서울 광진구 아차산로41길 22 1층,0507-1448-8084,0,"https://map.naver.com/p/search/%EC%9E%90%EC%96%91%EB%8F%99%20%EC%9D%8C%EC%8B%9D%EC%A0%90/place/1128696309?c=13.00,0,0,0,dh&placePath=%3Fentry%253Dbmp","['월 10:50 - 21:00 15:00 - 17:00 브레이크타임 20:50 라스트오더', '화 정기휴무 (매주 화요일)', '수 10:50 - 21:00 15:00 - 17:00 브레이크타임 20:50 라스트오더', '목 10:50 - 21:00 15:00 - 17:00 브레이크타임 20:50 라스트오더', '금 10:50 - 21:00 15:00 - 17:00 브레이크타임 20:50 라스트오더', '토 10:50 - 21:00 15:00 - 17:00 브레이크타임 20:50 라스트오더', '일 10:50 - 21:00 15:00 - 17:00 브레이크타임 20:50 라스트오더']"
돈스타 숯불구이,0,돼지고기구이,서울 광진구 능동로6길 8,02-456-8592,0,"https://map.naver.com/p/search/%EC%9E%90%EC%96%91%EB%8F%99%20%EC%9D%8C%EC%8B%9D%EC%A0%90/place/1530457367?c=13.00,0,0,0,dh&placePath=%3Fentry%253Dbmp","['월 정기휴무 (매주 월요일)', '화 11:30 - 22:00 14:30 - 16:30 브레이크타임 20:50 라스트오더', '수 11:30 - 22:00 14:30 - 16:30 브레이크타임 20:50 라스트오더', '목 11:30 - 22:00 14:30 - 16:30 브레이크타임 20:50 라스트오더', '금 11:30 - 22:00 14:30 - 16:30 브레이크타임 20:50 라스트오더', '토 11:30 - 22:00 14:30 - 16:30 브레이크타임 20:50 라스트오더', '일 11:30 - 22:00 14:30 - 16:30 브레이크타임 20:50 라스트오더']"
찜집,0,한식,서울 광진구 자양번영로 44 1층 찜집,02-444-0007,0,"https://map.naver.com/p/search/%EC%9E%90%EC%96%91%EB%8F%99%20%EC%9D%8C%EC%8B%9D%EC%A0%90/place/38008278?c=13.00,0,0,0,dh&placePath=%3Fentry%253Dbmp",['매일 11:00 - 23:00']
아웃백스테이크하우스 건대스타시티점,0,패밀리레스토랑,서울 광진구 능동로 92 스타시티몰 스타존 2층,0507-1365-3021,0,"https://map.naver.com/p/search/%EC%9E%90%EC%96%91%EB%8F%99%20%EC%9D%8C%EC%8B%9D%EC%A0%90/place/1364427307?c=13.00,0,0,0,dh&placePath=%3Fentry%253Dbmp","['월 11:00 - 21:30 21:00 라스트오더', '화 11:00 - 21:30 21:00 라스트오더', '수 11:00 - 21:30 21:00 라스트오더', '목 11:00 - 21:30 21:00 라스트오더', '금 11:00 - 21:30 21:00 라스트오더', '토 10:30 - 21:30 21:00 라스트오더', '일 10:30 - 21:30 21:00 라스트오더']"
니뽕내뽕 건대본점,0,중식당,서울 광진구 동일로20길 60 연일빌딩,02-499-1828,0,"https://map.naver.com/p/search/%EC%9E%90%EC%96%91%EB%8F%99%20%EC%9D%8C%EC%8B%9D%EC%A0%90/place/19713482?c=13.00,0,0,0,dh&placePath=%3Fentry%253Dbmp","['월 11:30 - 21:30 20:30 라스트오더', '화 11:30 - 21:30 20:30 라스트오더', '수 11:30 - 21:30 20:30 라스트오더', '목 11:30 - 21:30 20:30 라스트오더', '금 11:30 - 21:30 20:30 라스트오더', '토 11:30 - 21:50 15:40 - 17:10 브레이크타임 20:50 라스트오더', '일 11:30 - 21:50 15:40 - 17:10 브레이크타임 20:50 라스트오더']"
건대멸치국수,0,국수,서울 광진구 아차산로 305 동화빌딩,0507-1404-3246,0,"https://map.naver.com/p/search/%EC%9E%90%EC%96%91%EB%8F%99%20%EC%9D%8C%EC%8B%9D%EC%A0%90/place/13414722?c=13.00,0,0,0,dh&placePath=%3Fentry%253Dbmp","['월 10:00 - 04:00', '화 10:00 - 04:00', '수 10:00 - 04:00', '목 10:00 - 04:00', '금 10:00 - 04:00', '토 10:00 - 04:00', '일 정기휴무 (매주 일요일)']"
포몬스 건대점,0,베트남음식,서울 광진구 아차산로 208 1층 포몬스 건대점,02-461-1721,0,"https://map.naver.com/p/search/%EC%9E%90%EC%96%91%EB%8F%99%20%EC%9D%8C%EC%8B%9D%EC%A0%90/place/11763808?c=13.00,0,0,0,dh&placePath=%3Fentry%253Dbmp","['월 10:00 - 23:50 15:30 - 16:30 브레이크타임 23:40 라스트오더', '화 10:00 - 23:50 15:30 - 16:30 브레이크타임 23:40 라스트오더', '수 10:00 - 23:50 15:30 - 16:30 브레이크타임 23:40 라스트오더', '목 10:00 - 23:50 15:30 - 16:30 브레이크타임 23:40 라스트오더', '금 10:00 - 23:50 15:30 - 16:30 브레이크타임 23:40 라스트오더', '토 10:00 - 23:50 23:40 라스트오더', '일 10:00 - 23:50 23:40 라스트오더']"
상구네솥뚜껑삼겹살 자양점,0,"육류,고기요리",서울 광진구 뚝섬로 673 1층,02-455-3982,0,"https://map.naver.com/p/search/%EC%9E%90%EC%96%91%EB%8F%99%20%EC%9D%8C%EC%8B%9D%EC%A0%90/place/1131731525?c=13.00,0,0,0,dh&placePath=%3Fentry%253Dbmp","['월 10:00 - 24:00 23:00 라스트오더', '화 10:00 - 24:00 23:00 라스트오더', '수 10:00 - 24:00 23:00 라스트오더', '목 10:00 - 24:00 23:00 라스트오더', '금 10:00 - 24:00 23:00 라스트오더', '토 10:00 - 02:00 01:00 라스트오더', '일 10:00 - 02:00 01:00 라스트오더']"
플록,0,프랑스음식,서울 광진구 자양로19길 8 광석빌딩 1층,0507-1467-7701,0,"https://map.naver.com/p/search/%EC%9E%90%EC%96%91%EB%8F%99%20%EC%9D%8C%EC%8B%9D%EC%A0%90/place/1334577184?c=13.00,0,0,0,dh&placePath=%3Fentry%253Dbmp","['월 정기휴무 (매주 월요일)', '화 17:30 - 22:00 21:00 라스트오더', '수 17:30 - 22:00 21:00 라스트오더', '목 17:30 - 22:00 21:00 라스트오더', '금 11:30 - 22:00 15:00 - 17:30 브레이크타임 14:00, 21:00 라스트오더', '토 11:30 - 22:00 15:00 - 17:30 브레이크타임 14:00, 21:00 라스트오더', '일 11:30 - 22:00 15:00 - 17:30 브레이크타임 14:00, 21:00 라스트오더']"
라멘다이야,0,일본식라면,서울 광진구 자양번영로6길 67,0507-1324-8412,0,"https://map.naver.com/p/search/%EC%9E%90%EC%96%91%EB%8F%99%20%EC%9D%8C%EC%8B%9D%EC%A0%90/place/1663928659?c=13.00,0,0,0,dh&placePath=%3Fentry%253Dbmp","['월 11:30 - 20:00 13:50 - 17:00 브레이크타임 19:50 라스트오더', '화 정기휴무 (매주 화요일)', '수 11:30 - 20:00 13:50 - 17:00 브레이크타임 19:50 라스트오더', '목 11:30 - 20:00 13:50 - 17:00 브레이크타임 19:50 라스트오더', '금 11:30 - 20:00 13:50 - 17:00 브레이크타임 19:50 라스트오더', '토 11:30 - 20:00 13:50 - 17:00 브레이크타임 19:50 라스트오더', '일 11:30 - 20:00 13:50 - 17:00 브레이크타임 19:50 라스트오더']"
양숙이네,0,한식,서울 광진구 자양번영로 74 1층 양숙이네,0507-1417-5775,0,"https://map.naver.com/p/search/%EC%9E%90%EC%96%91%EB%8F%99%20%EC%9D%8C%EC%8B%9D%EC%A0%90/place/38338225?c=13.00,0,0,0,dh&placePath=%3Fentry%253Dbmp",['매일 11:00 - 22:00 21:00 라스트오더']
매드포갈릭 건대스타시티점,0,이탈리아음식,서울 광진구 아차산로 262 스타시티몰 지하1층 B143,02-447-8457,0,"https://map.naver.com/p/search/%EC%9E%90%EC%96%91%EB%8F%99%20%EC%9D%8C%EC%8B%9D%EC%A0%90/place/37281741?c=13.00,0,0,0,dh&placePath=%3Fentry%253Dbmp",['매일 11:30 - 21:30 20:30 라스트오더']
구구향훠궈 건대직영점,0,중식당,서울 광진구 동일로18길 62 1층,0507-1490-6790,0,"https://map.naver.com/p/search/%EC%9E%90%EC%96%91%EB%8F%99%20%EC%9D%8C%EC%8B%9D%EC%A0%90/place/1724227242?c=13.00,0,0,0,dh&placePath=%3Fentry%253Dbmp","['월 11:00 - 02:00', '화 11:00 - 02:00', '수 11:00 - 02:00', '목 11:00 - 02:00', '금 11:00 - 02:00', '토 11:00 - 02:00', '일 11:00 - 02:00', '매달 2, 4번째 수요일 정기 휴무']"
반티엔야오 카오위 건대점,0,중식당,서울 광진구 동일로20길 106 2층,0507-1377-8826,0,"https://map.naver.com/p/search/%EC%9E%90%EC%96%91%EB%8F%99%20%EC%9D%8C%EC%8B%9D%EC%A0%90/place/1272390549?c=13.00,0,0,0,dh&placePath=%3Fentry%253Dbmp","['월 12:00 - 23:00 22:00 라스트오더', '화 12:00 - 23:00 22:00 라스트오더', '수 12:00 - 23:00 22:00 라스트오더', '목 12:00 - 23:00 22:00 라스트오더', '금 12:00 - 23:00 22:00 라스트오더', '토 12:00 - 23:00 22:00 라스트오더', '일 12:00 - 23:00 22:00 라스트오더']"
라라관 성수건대점,0,중식당,서울 광진구 동일로18길 10 상가 1층,02-465-8585,0,"https://map.naver.com/p/search/%EC%9E%90%EC%96%91%EB%8F%99%20%EC%9D%8C%EC%8B%9D%EC%A0%90/place/1500659074?c=13.00,0,0,0,dh&placePath=%3Fentry%253Dbmp","['월 16:00 - 23:00 22:00 라스트오더', '화 16:00 - 23:00 22:00 라스트오더', '수 16:00 - 23:00 22:00 라스트오더', '목 16:00 - 23:00 22:00 라스트오더', '금 16:00 - 23:00 22:00 라스트오더', '토 12:00 - 23:00 22:00 라스트오더', '일 12:00 - 23:00 22:00 라스트오더']"
아날로그키친,0,이탈리아음식,서울 광진구 아차산로 200 커먼그라운드 Market Hall 3층,0507-1401-1265,0,"https://map.naver.com/p/search/%EC%9E%90%EC%96%91%EB%8F%99%20%EC%9D%8C%EC%8B%9D%EC%A0%90/place/36668526?c=13.00,0,0,0,dh&placePath=%3Fentry%253Dbmp","['월 11:30 - 21:30 20:30 라스트오더', '화 11:30 - 21:30 20:30 라스트오더', '수 11:30 - 21:30 20:30 라스트오더', '목 11:30 - 21:30 20:30 라스트오더', '금 11:00 - 22:00 21:00 라스트오더', '토 11:00 - 22:00 21:00 라스트오더', '일 11:00 - 22:00 21:00 라스트오더', '2TV생생정보 110회, 16.06.13. 2016년 6월 13일  통오징어덮밥', '']"
난바다스시,0,"초밥,롤",서울 광진구 자양로 109 80여가지 회전초밥 한접시 무조건 1900원,0507-1318-9666,0,"https://map.naver.com/p/search/%EC%9E%90%EC%96%91%EB%8F%99%20%EC%9D%8C%EC%8B%9D%EC%A0%90/place/1611314597?c=13.00,0,0,0,dh&placePath=%3Fentry%253Dbmp","['월 11:30 - 22:00 15:00 - 17:00 브레이크타임', '화 11:30 - 22:00 15:00 - 17:00 브레이크타임', '수 11:30 - 22:00 15:00 - 17:00 브레이크타임', '목 11:30 - 22:00 15:00 - 17:00 브레이크타임', '금 11:30 - 22:00 15:00 - 17:00 브레이크타임', '토 11:30 - 22:00', '일 11:30 - 22:00']"
청년다방 건대점,0,분식,서울 광진구 동일로20길 64,02-499-8955,0,"https://map.naver.com/p/search/%EC%9E%90%EC%96%91%EB%8F%99%20%EC%9D%8C%EC%8B%9D%EC%A0%90/place/1725694156?c=13.00,0,0,0,dh&placePath=%3Fentry%253Dbmp","['월 11:00 - 21:50 21:10 라스트오더', '화 11:00 - 21:50 21:10 라스트오더', '수 11:00 - 21:50 21:10 라스트오더', '목 11:00 - 21:50 21:10 라스트오더', '금 11:00 - 21:50 21:10 라스트오더', '토 11:00 - 21:50 21:10 라스트오더', '일 11:00 - 21:30 20:50 라스트오더']"
A TABLE,0,"백반,가정식",서울 광진구 능동로4길 51 대종리버빌,02-455-6015,0,"https://map.naver.com/p/search/%EC%9E%90%EC%96%91%EB%8F%99%20%EC%9D%8C%EC%8B%9D%EC%A0%90/place/36286079?c=13.00,0,0,0,dh&placePath=%3Fentry%253Dbmp","['월 11:30 - 20:30 20:00 라스트오더', '화 11:30 - 20:30 20:00 라스트오더', '수 11:30 - 20:30 20:00 라스트오더', '목 11:30 - 20:30 20:00 라스트오더', '금 11:30 - 20:30 20:00 라스트오더', '토 11:30 - 19:00 18:30 라스트오더', '일 정기휴무 (매주 일요일)']"
끝돈 건대입구역점,0,"육류,고기요리",서울 광진구 아차산로 238 1층 103호,02-498-0929,0,"https://map.naver.com/p/search/%EC%9E%90%EC%96%91%EB%8F%99%20%EC%9D%8C%EC%8B%9D%EC%A0%90/place/1554116339?c=13.00,0,0,0,dh&placePath=%3Fentry%253Dbmp","['월 12:00 - 24:00', '화 12:00 - 24:00', '수 12:00 - 24:00', '목 12:00 - 24:00', '금 12:00 - 24:00', '토 12:00 - 24:00', '일 12:00 - 24:00']"
역전우동0410 건대로데오점,0,"우동,소바",서울 광진구 아차산로 224 홍종윤치과의원,02-464-0410,0,"https://map.naver.com/p/search/%EC%9E%90%EC%96%91%EB%8F%99%20%EC%9D%8C%EC%8B%9D%EC%A0%90/place/36090568?c=13.00,0,0,0,dh&placePath=%3Fentry%253Dbmp","['월 00:00 - 24:00', '화 00:00 - 24:00', '수 00:00 - 24:00', '목 00:00 - 24:00', '금 00:00 - 24:00', '토 00:00 - 24:00', '일 00:00 - 24:00']"
자양 고두리,0,한식,서울 광진구 능동로 31 1층,0507-1435-5153,0,"https://map.naver.com/p/search/%EC%9E%90%EC%96%91%EB%8F%99%20%EC%9D%8C%EC%8B%9D%EC%A0%90/place/1935199150?c=13.00,0,0,0,dh&placePath=%3Fentry%253Dbmp","['월 11:30 - 23:00 22:30 라스트오더', '화 11:30 - 23:00 22:30 라스트오더', '수 11:30 - 23:00 22:30 라스트오더', '목 11:30 - 23:00 22:30 라스트오더', '금 11:30 - 23:00 22:30 라스트오더', '토 11:30 - 23:00 22:30 라스트오더', '일 11:30 - 23:00 22:30 라스트오더']"
화양시장할머니순대국,0,"순대,순댓국",서울 광진구 아차산로 293,02-457-3989,0,"https://map.naver.com/p/search/%EC%9E%90%EC%96%91%EB%8F%99%20%EC%9D%8C%EC%8B%9D%EC%A0%90/place/19877594?c=13.00,0,0,0,dh&placePath=%3Fentry%253Dbmp","['월 10:00 - 22:30', '화 10:00 - 22:30', '수 10:00 - 22:30', '목 10:00 - 22:30', '금 10:00 - 22:30', '토 10:00 - 23:30', '일 10:00 - 20:00', '매달 2, 4번째 일요일 정기 휴무']"
옹수육,0,"육류,고기요리",서울 광진구 자양번영로 21 1층 우측,0507-1340-0565,0,"https://map.naver.com/p/search/%EC%9E%90%EC%96%91%EB%8F%99%20%EC%9D%8C%EC%8B%9D%EC%A0%90/place/1641651055?c=14.00,0,0,0,dh&placePath=%3Fentry%253Dbmp","['월 11:30 - 24:00 15:00 - 17:00 브레이크타임 23:00 라스트오더', '화 11:30 - 24:00 15:00 - 17:00 브레이크타임 23:00 라스트오더', '수 11:30 - 24:00 15:00 - 17:00 브레이크타임 23:00 라스트오더', '목 11:30 - 24:00 15:00 - 17:00 브레이크타임 23:00 라스트오더', '금 11:30 - 24:00 15:00 - 17:00 브레이크타임 23:00 라스트오더', '토 11:30 - 24:00 23:00 라스트오더', '일 11:30 - 24:00 23:00 라스트오더']"
선남sea,0,일식당,서울 광진구 자양번영로 62 예닮빌딩 1층,0507-1365-8195,0,"https://map.naver.com/p/search/%EC%9E%90%EC%96%91%EB%8F%99%20%EC%9D%8C%EC%8B%9D%EC%A0%90/place/1417930131?c=14.00,0,0,0,dh&placePath=%3Fentry%253Dbmp","['월 11:30 - 22:00 15:00 - 17:00 브레이크타임 21:00 라스트오더', '화 11:30 - 22:00 15:00 - 17:00 브레이크타임 21:00 라스트오더', '수 11:30 - 22:00 15:00 - 17:00 브레이크타임 21:00 라스트오더', '목 11:30 - 22:00 15:00 - 17:00 브레이크타임 21:00 라스트오더', '금 11:30 - 22:00 15:00 - 17:00 브레이크타임 21:00 라스트오더', '토 12:00 - 22:00 15:00 - 17:00 브레이크타임 21:00 라스트오더', '일 12:00 - 22:00 15:00 - 17:00 브레이크타임 21:00 라스트오더']"
홍야동양꼬치 훠궈무한리필,0,양꼬치,서울 광진구 동일로18길 23,010-8004-0825,0,"https://map.naver.com/p/search/%EC%9E%90%EC%96%91%EB%8F%99%20%EC%9D%8C%EC%8B%9D%EC%A0%90/place/1147316117?c=14.00,0,0,0,dh&placePath=%3Fentry%253Dbmp","['월 14:00 - 24:00 22:00 라스트오더', '화 정기휴무 (매주 화요일)', '수 14:00 - 24:00 22:00 라스트오더', '목 14:00 - 24:00 22:00 라스트오더', '금 14:00 - 24:00 22:00 라스트오더', '토 14:00 - 24:00 22:00 라스트오더', '일 14:00 - 24:00 22:00 라스트오더']"
금하,0,중식당,서울 광진구 아차산로36길 5,02-404-8000,0,"https://map.naver.com/p/search/%EC%9E%90%EC%96%91%EB%8F%99%20%EC%9D%8C%EC%8B%9D%EC%A0%90/place/37211524?c=14.00,0,0,0,dh&placePath=%3Fentry%253Dbmp","['월 11:30 - 22:00 15:00 - 17:00 브레이크타임', '화 11:30 - 22:00 15:00 - 17:00 브레이크타임', '수 11:30 - 22:00 15:00 - 17:00 브레이크타임', '목 11:30 - 22:00 15:00 - 17:00 브레이크타임', '금 11:30 - 22:00 15:00 - 17:00 브레이크타임', '토 11:30 - 22:00', '일 11:30 - 22:00']"
동북풍미양꼬치,0,양꼬치,서울 광진구 동일로18길 90 1층,02-468-9493,0,"https://map.naver.com/p/search/%EC%9E%90%EC%96%91%EB%8F%99%20%EC%9D%8C%EC%8B%9D%EC%A0%90/place/1965016277?c=14.00,0,0,0,dh&placePath=%3Fentry%253Dbmp","['월 11:30 - 24:00', '화 11:30 - 24:00', '수 정기휴무 (매주 수요일)', '목 11:30 - 24:00', '금 11:30 - 24:00', '토 11:30 - 24:00', '일 11:30 - 24:00', '생방송투데이 2432회, 19.10.15. 2019년 10월 15일  양꼬치/양갈비']"
등촌샤브칼국수 자양점,0,"칼국수,만두",서울 광진구 자양번영로 84-1,02-457-2564,0,"https://map.naver.com/p/search/%EC%9E%90%EC%96%91%EB%8F%99%20%EC%9D%8C%EC%8B%9D%EC%A0%90/place/210964898?c=14.00,0,0,0,dh&placePath=%3Fentry%253Dbmp",['매일 11:00 - 22:30']
유월의 보리,0,한식,"서울 광진구 능동로 68 . 112호, 113호",0507-1376-3535,0,"https://map.naver.com/p/search/%EC%9E%90%EC%96%91%EB%8F%99%20%EC%9D%8C%EC%8B%9D%EC%A0%90/place/1265080366?c=14.00,0,0,0,dh&placePath=%3Fentry%253Dbmp","['월 10:00 - 22:00 14:00 - 16:30 브레이크타임 21:00 라스트오더', '화 10:00 - 22:00 14:00 - 16:30 브레이크타임 21:00 라스트오더', '수 10:00 - 22:00 14:00 - 16:30 브레이크타임 21:00 라스트오더', '목 10:00 - 22:00 14:00 - 16:30 브레이크타임 21:00 라스트오더', '금 10:00 - 22:00 14:00 - 16:30 브레이크타임 21:00 라스트오더', '토 10:00 - 22:00 21:00 라스트오더', '일 10:00 - 22:00 21:00 라스트오더']"
해초섬 롯데백화점 건대스타시티점,0,"해물,생선요리",서울 광진구 능동로 92 10층,02-2218-3965,0,"https://map.naver.com/p/search/%EC%9E%90%EC%96%91%EB%8F%99%20%EC%9D%8C%EC%8B%9D%EC%A0%90/place/38233704?c=14.00,0,0,0,dh&placePath=%3Fentry%253Dbmp",['매일 11:00 - 20:30 19:50 라스트오더']
일품대가삼계탕,0,"백숙,삼계탕",서울 광진구 아차산로 358 영주빌딩,02-444-2081,0,"https://map.naver.com/p/search/%EC%9E%90%EC%96%91%EB%8F%99%20%EC%9D%8C%EC%8B%9D%EC%A0%90/place/32088558?c=14.00,0,0,0,dh&placePath=%3Fentry%253Dbmp","['월 11:00 - 21:30 21:00 라스트오더', '화 11:00 - 21:30 21:00 라스트오더', '수 11:00 - 21:30 21:00 라스트오더', '목 11:00 - 21:30 21:00 라스트오더', '금 11:00 - 21:30 21:00 라스트오더', '토 11:00 - 21:30 21:00 라스트오더', '일 11:00 - 21:30 21:00 라스트오더']"
송쉐프 구의점,0,중식당,서울 광진구 아차산로 355,02-446-6000,0,"https://map.naver.com/p/search/%EC%9E%90%EC%96%91%EB%8F%99%20%EC%9D%8C%EC%8B%9D%EC%A0%90/place/1091636562?c=14.00,0,0,0,dh&placePath=%3Fentry%253Dbmp","['월 11:00 - 21:30 15:00 - 17:00 브레이크타임 21:00 라스트오더', '화 11:00 - 21:30 15:00 - 17:00 브레이크타임 21:00 라스트오더', '수 11:00 - 21:30 15:00 - 17:00 브레이크타임 21:00 라스트오더', '목 11:00 - 21:30 15:00 - 17:00 브레이크타임 21:00 라스트오더', '금 11:00 - 21:30 15:00 - 17:00 브레이크타임 21:00 라스트오더', '토 11:00 - 21:30 21:00 라스트오더', '일 11:00 - 21:30 21:00 라스트오더']"
춘향미엔 건대점,0,퓨전음식,서울 광진구 동일로20길 92 1층 춘향미엔,02-462-9031,0,"https://map.naver.com/p/search/%EC%9E%90%EC%96%91%EB%8F%99%20%EC%9D%8C%EC%8B%9D%EC%A0%90/place/1852185665?c=14.00,0,0,0,dh&placePath=%3Fentry%253Dbmp",['매일 11:00 - 22:00 14:50 - 16:30 브레이크타임 21:20 라스트오더']
고기대통령 본점,0,소고기구이,서울 광진구 능동로 91 2층,02-462-9080,0,"https://map.naver.com/p/search/%EC%9E%90%EC%96%91%EB%8F%99%20%EC%9D%8C%EC%8B%9D%EC%A0%90/place/1353235634?c=14.00,0,0,0,dh&placePath=%3Fentry%253Dbmp","['월 11:30 - 00:30', '화 11:30 - 00:30', '수 11:30 - 00:30', '목 11:30 - 00:30', '금 11:30 - 00:30', '토 11:30 - 00:30', '일 11:30 - 00:30', '맛있는녀석들 247회, 19.11.14. 2019년 11월 14일  고기뷔페', '']"
우성식당,0,기사식당,"서울 광진구 자양번영로 60 -1,",02-453-4636,0,"https://map.naver.com/p/search/%EC%9E%90%EC%96%91%EB%8F%99%20%EC%9D%8C%EC%8B%9D%EC%A0%90/place/18826801?c=14.00,0,0,0,dh&placePath=%3Fentry%253Dbmp","['매일 09:00 - 22:30', '식객허영만의백반기행 38회, 20.02.14. 2020년 2월 14일  양념삼치구이/대구탕', '']"
바다수퍼 해물천하조개구이찜 구의점,0,조개요리,서울 광진구 아차산로 339 1층,0507-1341-5169,0,"https://map.naver.com/p/search/%EC%9E%90%EC%96%91%EB%8F%99%20%EC%9D%8C%EC%8B%9D%EC%A0%90/place/1120733195?c=14.00,0,0,0,dh&placePath=%3Fentry%253Dbmp","['월 15:00 - 24:00 23:00 라스트오더', '화 15:00 - 24:00 23:00 라스트오더', '수 15:00 - 24:00 23:00 라스트오더', '목 15:00 - 24:00 23:00 라스트오더', '금 15:00 - 24:00 23:00 라스트오더', '토 12:00 - 24:00 23:00 라스트오더', '일 12:00 - 24:00 23:00 라스트오더']"
로꼬브리또 자양점,0,"멕시코,남미음식",서울 광진구 자양로13길 60 1층 로꼬브리또,02-456-8881,0,"https://map.naver.com/p/search/%EC%9E%90%EC%96%91%EB%8F%99%20%EC%9D%8C%EC%8B%9D%EC%A0%90/place/1606103516?c=14.00,0,0,0,dh&placePath=%3Fentry%253Dbmp","['월 11:00 - 23:00', '화 11:00 - 23:00', '수 11:00 - 23:00', '목 11:00 - 23:00', '금 11:00 - 23:00', '토 12:00 - 22:00', '일 12:00 - 22:00']"
허씨 정통중경마라샹궈 3호점,0,중식당,서울 광진구 아차산로30길 17,010-2882-3387,0,"https://map.naver.com/p/search/%EC%9E%90%EC%96%91%EB%8F%99%20%EC%9D%8C%EC%8B%9D%EC%A0%90/place/1017625819?c=14.00,0,0,0,dh&placePath=%3Fentry%253Dbmp",['매일 11:00 - 23:00']
명태어장갑오징어 자양점,0,"해물,생선요리",서울 광진구 자양번영로10길 3 1층,0507-1339-9758,0,"https://map.naver.com/p/search/%EC%9E%90%EC%96%91%EB%8F%99%20%EC%9D%8C%EC%8B%9D%EC%A0%90/place/1346122740?c=14.00,0,0,0,dh&placePath=%3Fentry%253Dbmp",['매일 11:00 - 22:00']
해월양꼬치샤브샤브 건대본점,0,양꼬치,서울 광진구 동일로18길 51 옥동빌딩,0507-1383-5450,0,"https://map.naver.com/p/search/%EC%9E%90%EC%96%91%EB%8F%99%20%EC%9D%8C%EC%8B%9D%EC%A0%90/place/36097481?c=14.00,0,0,0,dh&placePath=%3Fentry%253Dbmp","['월 00:00 - 24:00', '화(4/2) 정기휴무 (격주 화요일)', '수 00:00 - 24:00', '목 00:00 - 24:00', '금 00:00 - 24:00', '토 00:00 - 24:00', '일 00:00 - 24:00', '격주 화요일 정기 휴무']"
사보텐 건대스타시티점,0,돈가스,서울 광진구 아차산로 262 더샵스타시티 지하1층,02-452-4510,0,"https://map.naver.com/p/search/%EC%9E%90%EC%96%91%EB%8F%99%20%EC%9D%8C%EC%8B%9D%EC%A0%90/place/36364027?c=14.00,0,0,0,dh&placePath=%3Fentry%253Dbmp",['매일 11:00 - 22:00 21:00 라스트오더']
쪽갈비대통령 자양점,0,돼지고기구이,서울 광진구 자양로13길 61 1층,0507-1375-2477,0,"https://map.naver.com/p/search/%EC%9E%90%EC%96%91%EB%8F%99%20%EC%9D%8C%EC%8B%9D%EC%A0%90/place/1944437708?c=14.00,0,0,0,dh&placePath=%3Fentry%253Dbmp","['월 16:00 - 22:30', '화 16:00 - 22:30', '수 16:00 - 22:30', '목 16:00 - 22:30', '금 16:00 - 22:30', '토 16:00 - 22:30', '일 정기휴무 (매주 일요일)']"
라 파밀리아,0,이탈리아음식,서울 광진구 능동로 90 더클래식500 A동 6층,02-2218-5750,0,"https://map.naver.com/p/search/%EC%9E%90%EC%96%91%EB%8F%99%20%EC%9D%8C%EC%8B%9D%EC%A0%90/place/19800091?c=14.00,0,0,0,dh&placePath=%3Fentry%253Dbmp","['월 12:00 - 21:30 15:30 - 17:00 브레이크타임 20:40 라스트오더', '화 12:00 - 21:30 15:30 - 17:00 브레이크타임 20:40 라스트오더', '수 12:00 - 21:30 15:30 - 17:00 브레이크타임 20:40 라스트오더', '목 12:00 - 21:30 15:30 - 17:00 브레이크타임 20:40 라스트오더', '금 12:00 - 21:30 15:30 - 17:00 브레이크타임 20:40 라스트오더', '토 12:00 - 21:30 15:30 - 17:00 브레이크타임 20:40 라스트오더', '일 12:00 - 21:30 15:30 - 17:00 브레이크타임 20:40 라스트오더']"
행복은간장밥 건국대점,0,한식,서울 광진구 동일로20길 106 A동 103호,0507-1389-3772,0,"https://map.naver.com/p/search/%EC%9E%90%EC%96%91%EB%8F%99%20%EC%9D%8C%EC%8B%9D%EC%A0%90/place/1496197498?c=14.00,0,0,0,dh&placePath=%3Fentry%253Dbmp",['매일 11:00 - 21:00']
한가람 롯데백화점 건대스타시티점,0,한정식-일반,서울 광진구 능동로 92 10층,02-2218-3980,0,"https://map.naver.com/p/search/%EC%9E%90%EC%96%91%EB%8F%99%20%EC%9D%8C%EC%8B%9D%EC%A0%90/place/36711448?c=14.00,0,0,0,dh&placePath=%3Fentry%253Dbmp",['매일 10:30 - 21:00']
얼라이브도우,0,피자,서울 광진구 아차산로39길 8 1층,0507-1424-1712,0,"https://map.naver.com/p/search/%EC%9E%90%EC%96%91%EB%8F%99%20%EC%9D%8C%EC%8B%9D%EC%A0%90/place/1389735835?c=14.00,0,0,0,dh&placePath=%3Fentry%253Dbmp","['월 11:30 - 21:00 15:00 - 17:00 브레이크타임 20:30 라스트오더', '화 11:30 - 21:00 15:00 - 17:00 브레이크타임 20:30 라스트오더', '수 11:30 - 21:00 15:00 - 17:00 브레이크타임 20:30 라스트오더', '목 11:30 - 21:00 15:00 - 17:00 브레이크타임 20:30 라스트오더', '금 11:30 - 21:00 15:00 - 17:00 브레이크타임 20:30 라스트오더', '토 정기휴무 (매주 토요일)', '일 11:30 - 21:00 20:30 라스트오더']"
쿵푸양꼬치 포차,0,양꼬치,"서울 광진구 동일로18길 36 A동 1층 104, 105호",0507-1305-0890,0,"https://map.naver.com/p/search/%EC%9E%90%EC%96%91%EB%8F%99%20%EC%9D%8C%EC%8B%9D%EC%A0%90/place/1517826385?c=14.00,0,0,0,dh&placePath=%3Fentry%253Dbmp","['월 14:00 - 04:00', '화(4/2) 정기휴무 (격주 화요일)', '수 14:00 - 04:00', '목 14:00 - 04:00', '금 14:00 - 04:00', '토 14:00 - 04:00', '일 14:00 - 04:00', '격주 화요일 정기 휴무']"
홍코너 자양점,0,분식,서울 광진구 자양로13나길 35 홍코너,02-456-8418,0,"https://map.naver.com/p/search/%EC%9E%90%EC%96%91%EB%8F%99%20%EC%9D%8C%EC%8B%9D%EC%A0%90/place/38291209?c=14.00,0,0,0,dh&placePath=%3Fentry%253Dbmp","['월 11:00 - 19:00', '화 11:00 - 19:00', '수 11:00 - 19:00', '목 정기휴무 (매주 목요일)', '금 11:00 - 19:00', '토 11:00 - 19:00', '일 11:00 - 19:00']"
마루샤브 구의점,0,샤브샤브,서울 광진구 아차산로 355 타워더모스트 빌딩 지하 1층,02-2024-4400,0,"https://map.naver.com/p/search/%EC%9E%90%EC%96%91%EB%8F%99%20%EC%9D%8C%EC%8B%9D%EC%A0%90/place/36193027?c=14.00,0,0,0,dh&placePath=%3Fentry%253Dbmp","['월 11:30 - 21:30 15:30 - 17:30 브레이크타임 20:30 라스트오더', '화 11:30 - 21:30 15:30 - 17:30 브레이크타임 20:30 라스트오더', '수 11:30 - 21:30 15:30 - 17:30 브레이크타임 20:30 라스트오더', '목 11:30 - 21:30 15:30 - 17:30 브레이크타임 20:30 라스트오더', '금 11:30 - 21:30 15:30 - 17:30 브레이크타임 20:30 라스트오더', '토 11:30 - 21:30 20:30 라스트오더', '일 11:30 - 21:30 20:30 라스트오더']"
이모네보쌈,0,"족발,보쌈",서울 광진구 자양로9길 73 1층 이모네보쌈,02-455-3332,0,"https://map.naver.com/p/search/%EC%9E%90%EC%96%91%EB%8F%99%20%EC%9D%8C%EC%8B%9D%EC%A0%90/place/1227056760?c=14.00,0,0,0,dh&placePath=%3Fentry%253Dbmp",['매일 16:00 - 24:00']
소소막창 자양점,0,"곱창,막창,양",서울 광진구 자양로5길 13 1층,0507-1305-5597,0,"https://map.naver.com/p/search/%EC%9E%90%EC%96%91%EB%8F%99%20%EC%9D%8C%EC%8B%9D%EC%A0%90/place/1349326883?c=14.00,0,0,0,dh&placePath=%3Fentry%253Dbmp","['월 16:00 - 24:00', '화 정기휴무 (매주 화요일)', '수 16:00 - 24:00', '목 16:00 - 24:00', '금 16:00 - 24:00', '토 16:00 - 24:00', '일 16:00 - 24:00', '생방송투데이 3210회, 23.01.10. 2023년 1월 10일  파막창', '']"
셰프뮤지엄,0,패밀리레스토랑,서울 광진구 능동로 87 2층(지하 주차장 1시간 반 무료 주차 가능),0507-1358-2769,0,"https://map.naver.com/p/search/%EC%9E%90%EC%96%91%EB%8F%99%20%EC%9D%8C%EC%8B%9D%EC%A0%90/place/1074739300?c=14.00,0,0,0,dh&placePath=%3Fentry%253Dbmp","['월 정기휴무 (매주 월요일)', '화 11:30 - 21:30 15:00 - 17:30 브레이크타임 20:30 라스트오더', '수 11:30 - 21:30 15:00 - 17:30 브레이크타임 20:30 라스트오더', '목 11:30 - 21:30 15:00 - 17:30 브레이크타임 20:30 라스트오더', '금 11:30 - 21:30 15:00 - 17:30 브레이크타임 20:30 라스트오더', '토 11:30 - 21:30 15:00 - 17:30 브레이크타임 20:30 라스트오더', '일 11:30 - 21:30 15:00 - 17:30 브레이크타임 20:30 라스트오더']"
감성고기,0,"육류,고기요리",서울 광진구 뚝섬로33길 45 1층 감성고기,0507-1497-6698,0,"https://map.naver.com/p/search/%EC%9E%90%EC%96%91%EB%8F%99%20%EC%9D%8C%EC%8B%9D%EC%A0%90/place/1403376876?c=14.00,0,0,0,dh&placePath=%3Fentry%253Dbmp","['월 15:00 - 22:00 21:30 라스트오더', '화 정기휴무 (매주 화요일)', '수 15:00 - 22:00 21:30 라스트오더', '목 15:00 - 22:00 21:30 라스트오더', '금 15:00 - 22:00 21:30 라스트오더', '토 12:00 - 22:00 21:30 라스트오더', '일 12:00 - 22:00 21:30 라스트오더']"
동대문엽기떡볶이 자양점,0,분식,서울 광진구 자양로 109,02-454-8592,0,"https://map.naver.com/p/search/%EC%9E%90%EC%96%91%EB%8F%99%20%EC%9D%8C%EC%8B%9D%EC%A0%90/place/32057337?c=14.00,0,0,0,dh&placePath=%3Fentry%253Dbmp",['매일 11:00 - 22:00']
정담샤브연 롯데백화점 건대스타시티점,0,샤브샤브,서울 광진구 능동로 92 10층,02-2218-3488,0,"https://map.naver.com/p/search/%EC%9E%90%EC%96%91%EB%8F%99%20%EC%9D%8C%EC%8B%9D%EC%A0%90/place/1588063553?c=14.00,0,0,0,dh&placePath=%3Fentry%253Dbmp",['매일 10:30 - 21:00 19:50 라스트오더']
레전드,0,중식당,서울 광진구 뚝섬로32길 9 1층,02-6406-4545,0,"https://map.naver.com/p/search/%EC%9E%90%EC%96%91%EB%8F%99%20%EC%9D%8C%EC%8B%9D%EC%A0%90/place/1600949780?c=14.00,0,0,0,dh&placePath=%3Fentry%253Dbmp","['월 11:30 - 20:00 15:00 - 17:00 브레이크타임 19:30 라스트오더', '화 11:30 - 20:00 15:00 - 17:00 브레이크타임 19:30 라스트오더', '수 11:30 - 20:00 15:00 - 17:00 브레이크타임 19:30 라스트오더', '목 11:30 - 20:00 15:00 - 17:00 브레이크타임 19:30 라스트오더', '금 11:30 - 20:00 15:00 - 17:00 브레이크타임 19:30 라스트오더', '토 정기휴무 (매주 토요일)', '일 11:30 - 20:00 15:00 - 17:00 브레이크타임 19:30 라스트오더']"
엉터리생고기 두번째이야기 건대역점,0,"육류,고기요리",서울 광진구 아차산로 218 2층,02-466-3358,0,"https://map.naver.com/p/search/%EC%9E%90%EC%96%91%EB%8F%99%20%EC%9D%8C%EC%8B%9D%EC%A0%90/place/37882733?c=14.00,0,0,0,dh&placePath=%3Fentry%253Dbmp",['매일 12:00 - 23:00 21:00 라스트오더']
중화닭날개구이 본점,0,중식당,서울 광진구 동일로18길 65 1층 중화닭날개구이,0507-1482-9024,0,"https://map.naver.com/p/search/%EC%9E%90%EC%96%91%EB%8F%99%20%EC%9D%8C%EC%8B%9D%EC%A0%90/place/1993969313?c=14.00,0,0,0,dh&placePath=%3Fentry%253Dbmp",['매일 00:00 - 24:00']
자양곱,0,"곱창,막창,양",서울 광진구 뚝섬로52길 18 1층,0507-1332-9502,0,"https://map.naver.com/p/search/%EC%9E%90%EC%96%91%EB%8F%99%20%EC%9D%8C%EC%8B%9D%EC%A0%90/place/1104316728?c=14.00,0,0,0,dh&placePath=%3Fentry%253Dbmp","['월 14:00 - 24:00 23:00 라스트오더', '화 14:00 - 24:00 23:00 라스트오더', '수 14:00 - 24:00 23:00 라스트오더', '목 14:00 - 24:00 23:00 라스트오더', '금 14:00 - 24:00 23:00 라스트오더', '토 14:00 - 24:00 23:00 라스트오더', '일 정기휴무 (매주 일요일)']"
신선설농탕 자양점,0,"곰탕,설렁탕",서울 광진구 자양로 139 신선설렁탕,02-454-7944,0,"https://map.naver.com/p/search/%EC%9E%90%EC%96%91%EB%8F%99%20%EC%9D%8C%EC%8B%9D%EC%A0%90/place/11781093?c=14.00,0,0,0,dh&placePath=%3Fentry%253Dbmp",['매일 08:00 - 21:30 21:00 라스트오더']
곰작골나주곰탕 성수점,0,"곰탕,설렁탕",서울 광진구 동일로 96 곰작골 성수점,02-466-5874,0,"https://map.naver.com/p/search/%EC%9E%90%EC%96%91%EB%8F%99%20%EC%9D%8C%EC%8B%9D%EC%A0%90/place/21665248?c=14.00,0,0,0,dh&placePath=%3Fentry%253Dbmp","['월 09:30 - 20:50', '화 09:30 - 20:50', '수 09:30 - 20:50', '목 09:30 - 20:50', '금 09:30 - 20:50', '토 09:30 - 20:50', '일 09:30 - 20:50']"
수작카츠 자양점,0,돈가스,서울 광진구 능동로 50 이튼타워리버2차 상가 107호,02-6952-5957,0,"https://map.naver.com/p/search/%EC%9E%90%EC%96%91%EB%8F%99%20%EC%9D%8C%EC%8B%9D%EC%A0%90/place/1089056022?c=14.00,0,0,0,dh&placePath=%3Fentry%253Dbmp",['매일 11:00 - 21:00 15:00 - 17:00 브레이크타임 20:30 라스트오더']
놀부부대찌개 건대스타시티점,0,"찌개,전골",서울 광진구 아차산로 262 더샵스타시티,02-2024-8822,0,"https://map.naver.com/p/search/%EC%9E%90%EC%96%91%EB%8F%99%20%EC%9D%8C%EC%8B%9D%EC%A0%90/place/37851081?c=14.00,0,0,0,dh&placePath=%3Fentry%253Dbmp",['매일 11:00 - 22:00 21:15 라스트오더']
정담초밥 자양 직영점,0,"초밥,롤",서울 광진구 뚝섬로 552 삼희빌딩 1층,02-447-7789,0,"https://map.naver.com/p/search/%EC%9E%90%EC%96%91%EB%8F%99%20%EC%9D%8C%EC%8B%9D%EC%A0%90/place/1825321956?c=14.00,0,0,0,dh&placePath=%3Fentry%253Dbmp","['월 11:30 - 22:00 15:00 - 17:00 브레이크타임 21:20 라스트오더', '화 11:30 - 22:00 15:00 - 17:00 브레이크타임 21:20 라스트오더', '수 11:30 - 22:00 15:00 - 17:00 브레이크타임 21:20 라스트오더', '목 11:30 - 22:00 15:00 - 17:00 브레이크타임 21:20 라스트오더', '금 11:30 - 22:00 15:00 - 17:00 브레이크타임 21:20 라스트오더', '토 11:30 - 22:00 15:00 - 17:00 브레이크타임 21:20 라스트오더', '일 11:30 - 22:00 15:00 - 17:00 브레이크타임 21:20 라스트오더']"
용문집,0,"육류,고기요리",서울 광진구 뚝섬로30길 44,02-468-9828,0,"https://map.naver.com/p/search/%EC%9E%90%EC%96%91%EB%8F%99%20%EC%9D%8C%EC%8B%9D%EC%A0%90/place/1696743343?c=14.00,0,0,0,dh&placePath=%3Fentry%253Dbmp","['식객허영만의백반기행 38회, 20.02.14. 2020년 2월 14일  양념제비추리구이/육사시미']"
춘리마라탕 건대점,0,마라탕,서울 광진구 아차산로30길 23 1층,02-464-6388,0,"https://map.naver.com/p/search/%EC%9E%90%EC%96%91%EB%8F%99%20%EC%9D%8C%EC%8B%9D%EC%A0%90/place/1612751163?c=14.00,0,0,0,dh&placePath=%3Fentry%253Dbmp",['매일 11:00 - 23:00']
양평해장국,0,해장국,서울 광진구 아차산로 374,02-446-9088,0,"https://map.naver.com/p/search/%EC%9E%90%EC%96%91%EB%8F%99%20%EC%9D%8C%EC%8B%9D%EC%A0%90/place/1452640597?c=14.00,0,0,0,dh&placePath=%3Fentry%253Dbmp",['매일 06:00 - 23:00']
사월식당,0,일식당,서울 광진구 자양로11길 4 1층,010-9488-4730,0,"https://map.naver.com/p/search/%EC%9E%90%EC%96%91%EB%8F%99%20%EC%9D%8C%EC%8B%9D%EC%A0%90/place/1700101163?c=14.00,0,0,0,dh&placePath=%3Fentry%253Dbmp","['월 정기휴무 (매주 월요일)', '화 18:00 - 01:00', '수 18:00 - 01:00', '목 18:00 - 01:00', '금 18:00 - 01:00', '토 17:00 - 01:00', '일 정기휴무 (매주 일요일)']"
백옥양꼬치,0,양꼬치,서울 광진구 뚝섬로23길 97,02-466-2642,0,"https://map.naver.com/p/search/%EC%9E%90%EC%96%91%EB%8F%99%20%EC%9D%8C%EC%8B%9D%EC%A0%90/place/20259728?c=14.00,0,0,0,dh&placePath=%3Fentry%253Dbmp",['매일 11:30 - 02:00']
왕십리불로원곱창,0,"곱창,막창,양",서울 광진구 뚝섬로 596,02-446-7222,0,"https://map.naver.com/p/search/%EC%9E%90%EC%96%91%EB%8F%99%20%EC%9D%8C%EC%8B%9D%EC%A0%90/place/36386526?c=14.00,0,0,0,dh&placePath=%3Fentry%253Dbmp","['월 정기휴무 (매주 월요일)', '화 16:00 - 24:00', '수 16:00 - 24:00', '목 16:00 - 24:00', '금 16:00 - 24:00', '토 16:00 - 24:00', '일 16:00 - 24:00']"
함포비빔밥,0,비빔밥,서울 광진구 아차산로 262 더샵스타시티 C동,02-2024-1499,0,"https://map.naver.com/p/search/%EC%9E%90%EC%96%91%EB%8F%99%20%EC%9D%8C%EC%8B%9D%EC%A0%90/place/17991637?c=14.00,0,0,0,dh&placePath=%3Fentry%253Dbmp","['월 11:00 - 21:00 20:40 라스트오더', '화 11:00 - 21:00 20:40 라스트오더', '수 11:00 - 21:00 20:40 라스트오더', '목 11:00 - 21:00 20:40 라스트오더', '금 11:00 - 21:00 20:40 라스트오더', '토 11:00 - 21:00 20:40 라스트오더', '일 정기휴무 (매주 일요일)', '생생정보통 736회, 13.10.16. 2013년 10월 16일  비빔밥']"
미선미식성,0,샤브샤브,서울 광진구 뚝섬로27길 65,02-466-8050,0,"https://map.naver.com/p/search/%EC%9E%90%EC%96%91%EB%8F%99%20%EC%9D%8C%EC%8B%9D%EC%A0%90/place/1811274944?c=14.00,0,0,0,dh&placePath=%3Fentry%253Dbmp",['매일 00:00 - 24:00']
건대해장국,0,해장국,서울 광진구 아차산로 297 1층,02-453-3825,0,"https://map.naver.com/p/search/%EC%9E%90%EC%96%91%EB%8F%99%20%EC%9D%8C%EC%8B%9D%EC%A0%90/place/1377439607?c=14.00,0,0,0,dh&placePath=%3Fentry%253Dbmp","['월 11:00 - 21:00', '화 11:00 - 21:00', '수 11:00 - 21:00', '목 11:00 - 21:00', '금 11:00 - 21:00', '토 정기휴무 (매주 토요일)', '일 11:00 - 21:00']"
로스핫도그 & 버거,0,햄버거,서울 광진구 동일로20길 65 1층,0507-1307-0167,0,"https://map.naver.com/p/search/%EC%9E%90%EC%96%91%EB%8F%99%20%EC%9D%8C%EC%8B%9D%EC%A0%90/place/1735175984?c=14.00,0,0,0,dh&placePath=%3Fentry%253Dbmp",['매일 11:00 - 22:00 21:20 라스트오더']
싸움의고수 건대점,0,"족발,보쌈",서울 광진구 동일로20길 119,0507-1400-1167,0,"https://map.naver.com/p/search/%EC%9E%90%EC%96%91%EB%8F%99%20%EC%9D%8C%EC%8B%9D%EC%A0%90/place/1024815566?c=14.00,0,0,0,dh&placePath=%3Fentry%253Dbmp",['매일 11:00 - 22:30']
대가숯불갈비,0,"육류,고기요리",서울 광진구 자양번영로 71,0507-1478-9289,0,"https://map.naver.com/p/search/%EC%9E%90%EC%96%91%EB%8F%99%20%EC%9D%8C%EC%8B%9D%EC%A0%90/place/1246054076?c=14.00,0,0,0,dh&placePath=%3Fentry%253Dbmp",['매일 11:00 - 23:00']
치키니즘 자양점,0,"치킨,닭강정",서울 광진구 능동로4길 17 치키니즘,0507-1356-9259,0,"https://map.naver.com/p/search/%EC%9E%90%EC%96%91%EB%8F%99%20%EC%9D%8C%EC%8B%9D%EC%A0%90/place/1729506048?c=14.00,0,0,0,dh&placePath=%3Fentry%253Dbmp",['매일 15:00 - 24:00 23:30 라스트오더']
장어시대 자양점,0,"장어,먹장어요리",서울 광진구 뚝섬로 503 선덕빌딩 1층 장어시대 자양점,02-467-7749,0,"https://map.naver.com/p/search/%EC%9E%90%EC%96%91%EB%8F%99%20%EC%9D%8C%EC%8B%9D%EC%A0%90/place/1042371595?c=14.00,0,0,0,dh&placePath=%3Fentry%253Dbmp",['매일 11:00 - 22:00']
현방오백 소갈비살 자양점,0,소고기구이,"서울 광진구 뚝섬로 606 1층 5,6호",0507-1343-4904,0,"https://map.naver.com/p/search/%EC%9E%90%EC%96%91%EB%8F%99%20%EC%9D%8C%EC%8B%9D%EC%A0%90/place/1894163321?c=14.00,0,0,0,dh&placePath=%3Fentry%253Dbmp","['월 정기휴무 (매주 월요일)', '화 12:00 - 22:00 21:30 라스트오더', '수 12:00 - 22:00 21:30 라스트오더', '목 12:00 - 22:00 21:30 라스트오더', '금 12:00 - 22:00 21:30 라스트오더', '토 12:00 - 22:00 21:30 라스트오더', '일 12:00 - 22:00 21:30 라스트오더']"
청두인상,0,중식당,서울 광진구 동일로18길 65,02-466-0810,0,"https://map.naver.com/p/search/%EC%9E%90%EC%96%91%EB%8F%99%20%EC%9D%8C%EC%8B%9D%EC%A0%90/place/1251588811?c=14.00,0,0,0,dh&placePath=%3Fentry%253Dbmp","['월 14:00 - 24:00', '화 14:00 - 24:00', '수 13:00 - 24:00', '목 13:00 - 24:00', '금 13:00 - 24:00', '토 13:00 - 24:00', '일 13:00 - 24:00']"
고고핫도그 닭강정,0,"치킨,닭강정",서울 광진구 뚝섬로32길 23,0507-1407-5255,0,"https://map.naver.com/p/search/%EC%9E%90%EC%96%91%EB%8F%99%20%EC%9D%8C%EC%8B%9D%EC%A0%90/place/1100699534?c=14.00,0,0,0,dh&placePath=%3Fentry%253Dbmp",['매일 09:00 - 23:00']
고향순대국,0,"순대,순댓국",서울 광진구 동일로20길 106 1동 1층 104호,0507-1431-9970,0,"https://map.naver.com/p/search/%EC%9E%90%EC%96%91%EB%8F%99%20%EC%9D%8C%EC%8B%9D%EC%A0%90/place/1194576348?c=14.00,0,0,0,dh&placePath=%3Fentry%253Dbmp",['매일 00:00 - 24:00']
푸드박스 성동/광진점,0,"도시락,컵밥",서울 광진구 용마산로 82 . 1층,0507-1339-0487,0,"https://map.naver.com/p/search/%EC%A4%91%EA%B3%A1%EB%8F%99%20%EC%9D%8C%EC%8B%9D%EC%A0%90/place/1491778477?c=14.00,0,0,0,dh&placePath=%3Fentry%253Dbmp","['일 정기휴무 (매주 일요일)', '월 06:00 - 18:00', '화 06:00 - 18:00', '수 06:00 - 18:00', '목 06:00 - 18:00', '금 06:00 - 18:00', '토 정기휴무 (매주 토요일)', '04/10 22대 국회의원선거 휴무']"
방이편백 육분삼십 군자점,0,"육류,고기요리",서울 광진구 능동로37길 10-3 1층,0507-1311-8891,0,"https://map.naver.com/p/search/%EC%A4%91%EA%B3%A1%EB%8F%99%20%EC%9D%8C%EC%8B%9D%EC%A0%90/place/1246249809?c=14.00,0,0,0,dh&placePath=%3Fentry%253Dbmp","['일 11:30 - 22:00 21:00 라스트오더', '월 11:30 - 22:00 21:00 라스트오더', '화 11:30 - 22:00 21:00 라스트오더', '수 11:30 - 22:00 21:00 라스트오더', '목 11:30 - 22:00 21:00 라스트오더', '금 11:30 - 22:00 21:00 라스트오더', '토 11:30 - 22:00 21:00 라스트오더', '격주 수요일 정기 휴무']"
옹심이메밀칼국수,0,"칼국수,만두",서울 광진구 긴고랑로9길 34 1층,0507-1327-4131,0,"https://map.naver.com/p/search/%EC%A4%91%EA%B3%A1%EB%8F%99%20%EC%9D%8C%EC%8B%9D%EC%A0%90/place/1622984353?c=14.00,0,0,0,dh&placePath=%3Fentry%253Dbmp",['매일 09:00 - 20:50']
바삭알까스,0,돈가스,서울 광진구 능동로49길 15 1층,0507-1318-3895,0,"https://map.naver.com/p/search/%EC%A4%91%EA%B3%A1%EB%8F%99%20%EC%9D%8C%EC%8B%9D%EC%A0%90/place/1214822612?c=14.00,0,0,0,dh&placePath=%3Fentry%253Dbmp","['일 10:00 - 20:00', '월 10:00 - 18:00', '화 10:00 - 18:00', '수 10:00 - 18:00', '목 10:00 - 18:00', '금 10:00 - 18:00', '토 정기휴무 (매주 토요일)', '백종원의골목식당 138회, 20.10.07. 2020년 10월 7일  알까스']"
굴이짱,0,굴요리,서울 광진구 긴고랑로 61,02-458-9995,0,"https://map.naver.com/p/search/%EC%A4%91%EA%B3%A1%EB%8F%99%20%EC%9D%8C%EC%8B%9D%EC%A0%90/place/20943372?c=14.00,0,0,0,dh&placePath=%3Fentry%253Dbmp",[]
맛나,0,한식,서울 광진구 긴고랑로 92,02-455-7785,0,"https://map.naver.com/p/search/%EC%A4%91%EA%B3%A1%EB%8F%99%20%EC%9D%8C%EC%8B%9D%EC%A0%90/place/18801135?c=14.00,0,0,0,dh&placePath=%3Fentry%253Dbmp","['일 09:00 - 21:00 15:40 - 17:00 브레이크타임', '월(4/1) 정기휴무 (매달 1, 3번째 월요일)', '화 09:00 - 21:00 15:40 - 17:00 브레이크타임', '수 09:00 - 21:00 15:40 - 17:00 브레이크타임', '목 09:00 - 21:00 15:40 - 17:00 브레이크타임', '금 09:00 - 21:00 15:40 - 17:00 브레이크타임', '토 09:00 - 21:00 15:40 - 17:00 브레이크타임', '매달 1, 3번째 월요일 정기 휴무']"
가마솥영양탕,0,"백숙,삼계탕",서울 광진구 긴고랑로22길 32 1층,010-2288-3533,0,"https://map.naver.com/p/search/%EC%A4%91%EA%B3%A1%EB%8F%99%20%EC%9D%8C%EC%8B%9D%EC%A0%90/place/13051610?c=14.00,0,0,0,dh&placePath=%3Fentry%253Dbmp","['일 10:30 - 22:30', '월 10:30 - 22:30', '화 10:30 - 22:30', '수 10:30 - 22:30', '목 10:30 - 22:30', '금 10:30 - 22:30', '토 10:30 - 22:30']"
쪽갈비대통령 아차산역점,0,돼지고기구이,서울 광진구 용마산로 6-6 101호,0507-1306-3229,0,"https://map.naver.com/p/search/%EC%A4%91%EA%B3%A1%EB%8F%99%20%EC%9D%8C%EC%8B%9D%EC%A0%90/place/1339475546?c=14.00,0,0,0,dh&placePath=%3Fentry%253Dbmp","['일 정기휴무 (매주 일요일)', '월 16:00 - 23:00', '화 16:00 - 23:00', '수 16:00 - 23:00', '목 16:00 - 23:00', '금 16:00 - 23:00', '토 16:00 - 23:00']"
명륜진사갈비 서울중곡점,0,"육류,고기요리",서울 광진구 용마산로 110 1층,02-455-8996,0,"https://map.naver.com/p/search/%EC%A4%91%EA%B3%A1%EB%8F%99%20%EC%9D%8C%EC%8B%9D%EC%A0%90/place/1570813283?c=14.00,0,0,0,dh&placePath=%3Fentry%253Dbmp",['매일 12:00 - 22:30']
등촌샤브칼국수 중곡점,0,"칼국수,만두",서울 광진구 용마산로 128 원방빌딩,02-454-6889,0,"https://map.naver.com/p/search/%EC%A4%91%EA%B3%A1%EB%8F%99%20%EC%9D%8C%EC%8B%9D%EC%A0%90/place/17952838?c=14.00,0,0,0,dh&placePath=%3Fentry%253Dbmp",['매일 10:00 - 23:00']
동화장,0,중식당,서울 광진구 능동로 320,02-452-4778,0,"https://map.naver.com/p/search/%EC%A4%91%EA%B3%A1%EB%8F%99%20%EC%9D%8C%EC%8B%9D%EC%A0%90/place/1004516546?c=14.00,0,0,0,dh&placePath=%3Fentry%253Dbmp",[]
칼국,0,"칼국수,만두",서울 광진구 천호대로 647 1층 6호,02-444-3853,0,"https://map.naver.com/p/search/%EC%A4%91%EA%B3%A1%EB%8F%99%20%EC%9D%8C%EC%8B%9D%EC%A0%90/place/1259349651?c=14.00,0,0,0,dh&placePath=%3Fentry%253Dbmp","['일 11:00 - 21:00 20:30 라스트오더', '월 정기휴무 (매주 월요일)', '화 11:00 - 21:00 20:30 라스트오더', '수 11:00 - 21:00 20:30 라스트오더', '목 11:00 - 21:00 20:30 라스트오더', '금 11:00 - 21:00 20:30 라스트오더', '토 11:00 - 21:00 20:30 라스트오더']"
이삭홍두깨손칼국수,0,"칼국수,만두",서울 광진구 동일로72길 51,02-464-8457,0,"https://map.naver.com/p/search/%EC%A4%91%EA%B3%A1%EB%8F%99%20%EC%9D%8C%EC%8B%9D%EC%A0%90/place/30976293?c=14.00,0,0,0,dh&placePath=%3Fentry%253Dbmp","['일 정기휴무 (매주 일요일)', '월 10:45 - 20:00', '화 10:45 - 20:00', '수 10:45 - 20:00', '목 10:45 - 20:00', '금 10:45 - 20:00', '토 10:45 - 20:00', '모닝와이드 7846회, 22.05.11. 2022년 5월 11일  칼국수', '', '']"
중화호반닭갈비 아차산점,0,닭갈비,서울 광진구 천호대로129길 79,02-2201-8292,0,"https://map.naver.com/p/search/%EC%A4%91%EA%B3%A1%EB%8F%99%20%EC%9D%8C%EC%8B%9D%EC%A0%90/place/1290115628?c=14.00,0,0,0,dh&placePath=%3Fentry%253Dbmp","['일 12:00 - 22:00 21:00 라스트오더', '월 정기휴무 (매주 월요일)', '화 12:00 - 22:00 21:00 라스트오더', '수 12:00 - 22:00 21:00 라스트오더', '목 12:00 - 22:00 21:00 라스트오더', '금 12:00 - 22:00 21:00 라스트오더', '토 12:00 - 22:00 21:00 라스트오더']"
육감만족 아차산역점,0,"족발,보쌈",서울 광진구 천호대로129길 5 육감만족,0507-1343-9911,0,"https://map.naver.com/p/search/%EC%A4%91%EA%B3%A1%EB%8F%99%20%EC%9D%8C%EC%8B%9D%EC%A0%90/place/1476852645?c=14.00,0,0,0,dh&placePath=%3Fentry%253Dbmp",['매일 12:00 - 01:00']
장수칡냉면,0,냉면,서울 광진구 능동로38길 3,0507-1496-0553,0,"https://map.naver.com/p/search/%EC%A4%91%EA%B3%A1%EB%8F%99%20%EC%9D%8C%EC%8B%9D%EC%A0%90/place/19952169?c=14.00,0,0,0,dh&placePath=%3Fentry%253Dbmp","['일 10:00 - 21:30', '월 10:00 - 21:30', '화 10:00 - 21:30', '수 10:00 - 21:30', '목 정기휴무 (매주 목요일)', '금 10:00 - 21:30', '토 10:00 - 21:30']"
Poke all day 포케&샐러드 군자역점,0,"다이어트,샐러드",서울 광진구 천호대로 549 지타워 지하 1층 4호,02-464-7654,0,"https://map.naver.com/p/search/%EC%A4%91%EA%B3%A1%EB%8F%99%20%EC%9D%8C%EC%8B%9D%EC%A0%90/place/1433305576?c=14.00,0,0,0,dh&placePath=%3Fentry%253Dbmp","['일 11:00 - 20:00 19:30 라스트오더', '월 10:00 - 21:00 20:30 라스트오더', '화 10:00 - 21:00 20:30 라스트오더', '수 10:00 - 21:00 20:30 라스트오더', '목 10:00 - 21:00 20:30 라스트오더', '금 10:00 - 21:00 20:30 라스트오더', '토 10:00 - 16:00 15:30 라스트오더']"
고기처럼,0,"육류,고기요리",서울 광진구 긴고랑로 57,0507-1311-8586,0,"https://map.naver.com/p/search/%EC%A4%91%EA%B3%A1%EB%8F%99%20%EC%9D%8C%EC%8B%9D%EC%A0%90/place/36950188?c=14.00,0,0,0,dh&placePath=%3Fentry%253Dbmp","['일 16:00 - 02:00', '월 16:00 - 02:00', '화 16:00 - 02:00', '수 16:00 - 02:00', '목 16:00 - 02:00', '금 16:00 - 02:00', '토 16:00 - 02:00', '매달 2번째 화요일 정기 휴무']"
금일푸른바다,0,"장어,먹장어요리",서울 광진구 능동로37길 14 선진빌딩,02-454-7661,0,"https://map.naver.com/p/search/%EC%A4%91%EA%B3%A1%EB%8F%99%20%EC%9D%8C%EC%8B%9D%EC%A0%90/place/591591947?c=14.00,0,0,0,dh&placePath=%3Fentry%253Dbmp","['일 정기휴무 (매주 일요일)', '월 11:00 - 22:00', '화 11:00 - 22:00', '수 11:00 - 22:00', '목 11:00 - 22:00', '금 11:00 - 22:00', '토 11:00 - 22:00']"
곰곰탕,0,"곰탕,설렁탕",서울 광진구 능동로 430 1층,0507-1487-1216,0,"https://map.naver.com/p/search/%EC%A4%91%EA%B3%A1%EB%8F%99%20%EC%9D%8C%EC%8B%9D%EC%A0%90/place/1104788445?c=14.00,0,0,0,dh&placePath=%3Fentry%253Dbmp","['일 정기휴무 (매주 일요일)', '월 11:00 - 21:00 15:00 - 17:00 브레이크타임', '화 11:00 - 21:00 15:00 - 17:00 브레이크타임', '수 11:00 - 21:00 15:00 - 17:00 브레이크타임', '목 11:00 - 21:00 15:00 - 17:00 브레이크타임', '금 11:00 - 21:00 15:00 - 17:00 브레이크타임', '토 11:00 - 21:00 16:00 - 17:00 브레이크타임']"
어머니감자탕 중곡본점,0,감자탕,서울 광진구 능동로 353,02-497-5753,0,"https://map.naver.com/p/search/%EC%A4%91%EA%B3%A1%EB%8F%99%20%EC%9D%8C%EC%8B%9D%EC%A0%90/place/1000628331?c=14.00,0,0,0,dh&placePath=%3Fentry%253Dbmp","['일 정기휴무 (매주 일요일)', '월 11:00 - 22:20 15:30 - 16:30 브레이크타임', '화 11:00 - 22:20 15:30 - 16:30 브레이크타임', '수 11:00 - 22:20 15:30 - 16:30 브레이크타임', '목 11:00 - 22:20 15:30 - 16:30 브레이크타임', '금 11:00 - 22:20 15:30 - 16:30 브레이크타임', '토 11:00 - 22:20']"
옛날손칼국수,0,"칼국수,만두",서울 광진구 영화사로 10,02-452-6812,0,"https://map.naver.com/p/search/%EC%A4%91%EA%B3%A1%EB%8F%99%20%EC%9D%8C%EC%8B%9D%EC%A0%90/place/32862592?c=14.00,0,0,0,dh&placePath=%3Fentry%253Dbmp","['일 정기휴무 (매주 일요일)', '월 10:00 - 21:00', '화 10:00 - 21:00', '수 10:00 - 21:00', '목 10:00 - 21:00', '금 10:00 - 21:00', '토 10:00 - 21:00']"
꿀꿀진순대 중곡군자점,0,"순대,순댓국",서울 광진구 긴고랑로 22-1 1층,0507-1336-6982,0,"https://map.naver.com/p/search/%EC%A4%91%EA%B3%A1%EB%8F%99%20%EC%9D%8C%EC%8B%9D%EC%A0%90/place/1912446136?c=14.00,0,0,0,dh&placePath=%3Fentry%253Dbmp","['일 10:00 - 21:30 15:00 - 16:00 브레이크타임 21:00 라스트오더', '월 10:00 - 21:30 15:00 - 16:00 브레이크타임 21:00 라스트오더', '화 10:00 - 21:30 15:00 - 16:00 브레이크타임 21:00 라스트오더', '수 10:00 - 21:30 15:00 - 16:00 브레이크타임 21:00 라스트오더', '목 10:00 - 21:30 15:00 - 16:00 브레이크타임 21:00 라스트오더', '금 10:00 - 21:30 15:00 - 16:00 브레이크타임 21:00 라스트오더', '토 10:00 - 21:30 15:00 - 16:00 브레이크타임 21:00 라스트오더']"
이삭토스트 중곡점,0,토스트,서울 광진구 면목로 170,02-461-1116,0,"https://map.naver.com/p/search/%EC%A4%91%EA%B3%A1%EB%8F%99%20%EC%9D%8C%EC%8B%9D%EC%A0%90/place/13160495?c=14.00,0,0,0,dh&placePath=%3Fentry%253Dbmp","['일 10:00 - 21:00', '월 10:00 - 21:00', '화 정기휴무 (매주 화요일)', '수 10:00 - 21:00', '목 10:00 - 21:00', '금 10:00 - 21:00', '토 10:00 - 21:00']"
요리하는원숭이,0,"스파게티,파스타전문",서울 광진구 용마산로7길 21 1층,02-6080-0980,0,"https://map.naver.com/p/search/%EC%A4%91%EA%B3%A1%EB%8F%99%20%EC%9D%8C%EC%8B%9D%EC%A0%90/place/1821687670?c=14.00,0,0,0,dh&placePath=%3Fentry%253Dbmp","['일 10:30 - 22:00 21:00 라스트오더', '월 정기휴무 (매주 월요일)', '화 10:30 - 22:00 21:00 라스트오더', '수 10:30 - 22:00 21:00 라스트오더', '목 10:30 - 22:00 21:00 라스트오더', '금 10:30 - 22:00 21:00 라스트오더', '토 10:30 - 22:00 21:00 라스트오더']"
써브웨이 중곡역점,0,샌드위치,서울 광진구 능동로 400,02-456-9665,0,"https://map.naver.com/p/search/%EC%A4%91%EA%B3%A1%EB%8F%99%20%EC%9D%8C%EC%8B%9D%EC%A0%90/place/1552357700?c=14.00,0,0,0,dh&placePath=%3Fentry%253Dbmp",['매일 08:00 - 22:00']
천미방 마라탕,0,중식당,서울 광진구 자양로43길 47 1층(중곡동),0507-1447-8779,0,"https://map.naver.com/p/search/%EC%A4%91%EA%B3%A1%EB%8F%99%20%EC%9D%8C%EC%8B%9D%EC%A0%90/place/1978207153?c=14.00,0,0,0,dh&placePath=%3Fentry%253Dbmp","['일 11:00 - 23:00', '월 11:00 - 23:00', '화 11:00 - 23:00', '수 11:00 - 23:00', '목 11:00 - 23:00', '금 11:00 - 23:00', '토 11:00 - 23:00']"
따뜻한밥상,0,한식,서울 광진구 능동로 440,02-2039-8291,0,"https://map.naver.com/p/search/%EC%A4%91%EA%B3%A1%EB%8F%99%20%EC%9D%8C%EC%8B%9D%EC%A0%90/place/1543648787?c=14.00,0,0,0,dh&placePath=%3Fentry%253Dbmp","['일 정기휴무 (매주 일요일)', '월 09:00 - 22:00', '화 09:00 - 22:00', '수 09:00 - 22:00', '목 09:00 - 22:00', '금 09:00 - 22:00', '토 09:00 - 22:00']"
원할머니보쌈족발 중곡점,0,"족발,보쌈",서울 광진구 용마산로 37 이안빌딩,02-446-0033,0,"https://map.naver.com/p/search/%EC%A4%91%EA%B3%A1%EB%8F%99%20%EC%9D%8C%EC%8B%9D%EC%A0%90/place/12929023?c=14.00,0,0,0,dh&placePath=%3Fentry%253Dbmp",['매일 11:00 - 22:00 16:00 - 17:00 브레이크타임']
황금품은김밥 황.품.김,0,김밥,서울 광진구 긴고랑로9길 29 101호,0507-1495-1404,0,"https://map.naver.com/p/search/%EC%A4%91%EA%B3%A1%EB%8F%99%20%EC%9D%8C%EC%8B%9D%EC%A0%90/place/1206174819?c=14.00,0,0,0,dh&placePath=%3Fentry%253Dbmp","['일 09:00 - 20:00', '월 09:00 - 20:00', '화 09:00 - 20:00', '수 정기휴무 (매주 수요일)', '목 09:00 - 20:00', '금 09:00 - 20:00', '토 09:00 - 20:00']"
중곡동손칼국수,0,"칼국수,만두",서울 광진구 능동로 400 1층 131호,0507-1392-5750,0,"https://map.naver.com/p/search/%EC%A4%91%EA%B3%A1%EB%8F%99%20%EC%9D%8C%EC%8B%9D%EC%A0%90/place/1272737821?c=14.00,0,0,0,dh&placePath=%3Fentry%253Dbmp","['일 정기휴무 (매주 일요일)', '월 11:00 - 20:00 15:00 - 17:00 브레이크타임 19:30 라스트오더', '화 11:00 - 20:00 15:00 - 17:00 브레이크타임 19:30 라스트오더', '수 11:00 - 20:00 15:00 - 17:00 브레이크타임 19:30 라스트오더', '목 11:00 - 20:00 15:00 - 17:00 브레이크타임 19:30 라스트오더', '금 11:00 - 20:00 15:00 - 17:00 브레이크타임 19:30 라스트오더', '토 11:00 - 20:00 15:00 - 17:00 브레이크타임 19:30 라스트오더']"
