name,category,sub_category,address,dist_from_station,contact,platform,url,opneing_hours
연주방 송리단길점,2,한식,서울 송파구 백제고분로45길 22-17 2층 연주방 송리단길점,송파나루역 1번 출구에서 251m,010-4347-4026,0,"https://map.naver.com/p/search/%EC%9E%A0%EC%8B%A4%20%EC%88%A0%EC%A7%91/place/1604419723?c=12.00,0,0,0,dh&placePath=%3Fentry%253Dbmp%2526n_ad_group_type%253D10%2526n_query%253D%2525EC%25259E%2525A0%2525EC%25258B%2525A4%2525EC%252588%2525A0%2525EC%2525A7%252591","['일 16:00 - 24:00', '월 17:00 - 24:00', '화 17:00 - 24:00', '수 17:00 - 24:00', '목 17:00 - 24:00', '금 17:00 - 01:00', '토 16:00 - 01:00']"
콤마,2,요리주점,"서울 송파구 백제고분로15길 49 1층 , 콤마",잠실새내역 3번 출구에서 3m,0507-1363-0140,0,"https://map.naver.com/p/search/%EC%9E%A0%EC%8B%A4%20%EC%88%A0%EC%A7%91/place/1378682368?c=12.00,0,0,0,dh&placePath=%3Fentry%253Dbmp%2526n_ad_group_type%253D10%2526n_query%253D%2525EC%25259E%2525A0%2525EC%25258B%2525A4%2525EC%252588%2525A0%2525EC%2525A7%252591","['일 17:00 - 01:00 00:00 라스트오더', '월 정기휴무 (매주 월요일)', '화 17:00 - 01:00 00:00 라스트오더', '수 17:00 - 01:00 00:00 라스트오더', '목 17:00 - 01:00 00:00 라스트오더', '금 17:00 - 02:00 01:00 라스트오더', '토 17:00 - 02:00 01:00 라스트오더']"
구주 잠실새내점,2,이자카야,"서울 송파구 백제고분로7길 28-12 1층, 2층",잠실새내역 4번 출구에서 377m,0507-1398-9991,0,"https://map.naver.com/p/search/%EC%9E%A0%EC%8B%A4%20%EC%88%A0%EC%A7%91/place/1078911965?c=12.00,0,0,0,dh&placePath=%3Fentry%253Dbmp",['매일 17:00 - 01:00 00:00 라스트오더']
크래프트아일랜드 잠실점,2,"맥주,호프","서울 송파구 올림픽로35가길 10 더샵스타파크상가 114호, 115호, 119호",잠실역 9번 출구에서 45m,02-413-1555,0,"https://map.naver.com/p/search/%EC%9E%A0%EC%8B%A4%20%EC%88%A0%EC%A7%91/place/1478103368?c=12.00,0,0,0,dh&placePath=%3Fentry%253Dbmp","['일 11:30 - 24:00', '월 11:30 - 24:00 14:00 - 16:30 브레이크타임', '화 11:30 - 24:00 14:00 - 16:30 브레이크타임', '수(5/15) 부처님 오신 날11:30 - 24:00', '목 11:30 - 01:00 14:00 - 16:30 브레이크타임', '금 11:30 - 01:00 14:00 - 16:30 브레이크타임', '토 11:30 - 01:00']"
마스타하이볼 잠실새내점,2,이자카야,서울 송파구 백제고분로7길 26 1층,잠실새내역 4번 출구에서 380m,0507-1406-1787,0,"https://map.naver.com/p/search/%EC%9E%A0%EC%8B%A4%20%EC%88%A0%EC%A7%91/place/1548268513?c=12.00,0,0,0,dh&placePath=%3Fentry%253Dbmp",['매일 15:00 - 05:00 04:00 라스트오더']
한남대교,2,요리주점,서울 송파구 올림픽로32길 18-11,잠실역 10번 출구에서 53m,02-412-3558,0,"https://map.naver.com/p/search/%EC%9E%A0%EC%8B%A4%20%EC%88%A0%EC%A7%91/place/1165436888?c=12.00,0,0,0,dh&placePath=%3Fentry%253Dbmp",['매일 16:00 - 02:00 01:30 라스트오더']
장생관 잠실방이점,2,요리주점,서울 송파구 올림픽로32길 9 1층,몽촌토성역 3번 출구에서 43m,0507-1358-6042,0,"https://map.naver.com/p/search/%EC%9E%A0%EC%8B%A4%20%EC%88%A0%EC%A7%91/place/1102062019?c=12.00,0,0,0,dh&placePath=%3Fentry%253Dbmp","['일 17:00 - 01:00', '월 18:00 - 01:00', '화 18:00 - 01:00', '수 18:00 - 01:00', '목 18:00 - 01:00', '금 18:00 - 02:00', '토 17:00 - 02:00']"
월간우주,2,요리주점,서울 송파구 백제고분로7길 24-30 1층 월간우주,잠실새내역 4번 출구에서 519m,0507-1313-0844,0,"https://map.naver.com/p/search/%EC%9E%A0%EC%8B%A4%20%EC%88%A0%EC%A7%91/place/37269202?c=12.00,0,0,0,dh&placePath=%3Fentry%253Dbmp",['매일 18:00 - 02:00']
신비주막,2,요리주점,서울 송파구 올림픽로32길 19-9 1층,몽촌토성역 3번 출구에서 499m,0507-1312-5323,0,"https://map.naver.com/p/search/%EC%9E%A0%EC%8B%A4%20%EC%88%A0%EC%A7%91/place/1463608577?c=12.00,0,0,0,dh&placePath=%3Fentry%253Dbmp","['일 17:00 - 03:00 01:50 라스트오더', '월 17:00 - 03:00 01:50 라스트오더', '화 17:00 - 03:00 01:50 라스트오더', '수 17:00 - 03:00 01:50 라스트오더', '목 17:00 - 03:00 01:50 라스트오더', '금 17:00 - 03:00 01:50 라스트오더', '토 17:00 - 03:00 01:50 라스트오더']"
오끼 방이점,2,이자카야,서울 송파구 오금로13길 3-11 1층 103-2호,잠실역 10번 출구에서 47m,0507-1314-9889,0,"https://map.naver.com/p/search/%EC%9E%A0%EC%8B%A4%20%EC%88%A0%EC%A7%91/place/1648436721?c=12.00,0,0,0,dh&placePath=%3Fentry%253Dbmp",['매일 17:00 - 05:00']
이오하우스,2,요리주점,서울 송파구 백제고분로7길 28-6 2층,잠실새내역 4번 출구에서 35m,0507-1486-3990,0,"https://map.naver.com/p/search/%EC%9E%A0%EC%8B%A4%20%EC%88%A0%EC%A7%91/place/1077305725?c=12.00,0,0,0,dh&placePath=%3Fentry%253Dbmp","['일 17:00 - 02:00 01:30 라스트오더', '월 정기휴무 (매주 월요일)', '화 정기휴무 (매주 화요일)', '수 정기휴무 (매주 수요일)', '목 정기휴무 (매주 목요일)', '금 17:00 - 02:00 01:30 라스트오더', '토 17:00 - 02:00 01:30 라스트오더']"
굴맥 잠실새내점,2,"맥주,호프",서울 송파구 백제고분로7길 26 2층 굴맥 잠실새내점,잠실새내역 4번 출구에서 378m,0507-1494-9877,0,"https://map.naver.com/p/search/%EC%9E%A0%EC%8B%A4%20%EC%88%A0%EC%A7%91/place/1160975921?c=12.00,0,0,0,dh&placePath=%3Fentry%253Dbmp",['매일 16:00 - 05:00 04:30 라스트오더']
아뷔,2,요리주점,서울 송파구 석촌호수로18길 10 1층 101호,석촌역 7번 출구에서 63m,0507-1393-0447,0,"https://map.naver.com/p/search/%EC%9E%A0%EC%8B%A4%20%EC%88%A0%EC%A7%91/place/1562574832?c=12.00,0,0,0,dh&placePath=%3Fentry%253Dbmp","['일 정기휴무 (매주 일요일)', '월(5/13) 휴무', '화 11:30 - 24:00 14:00 - 17:00 브레이크타임 23:30 라스트오더', '수 11:30 - 24:00 14:00 - 17:00 브레이크타임 23:30 라스트오더', '목 11:30 - 24:00 14:00 - 17:00 브레이크타임 23:30 라스트오더', '금 17:00 - 01:00 00:30 라스트오더', '토 17:00 - 01:00 00:30 라스트오더', '']"
생마차 방이점,2,이자카야,서울 송파구 올림픽로32길 29 1층 110호,송파나루역 2번 출구에서 565m,0507-1369-0178,0,"https://map.naver.com/p/search/%EC%9E%A0%EC%8B%A4%20%EC%88%A0%EC%A7%91/place/1884886766?c=12.00,0,0,0,dh&placePath=%3Fentry%253Dbmp","['일 16:00 - 03:00', '월 17:00 - 03:00', '화 17:00 - 03:00', '수(5/15) 부처님 오신 날17:00 - 03:00', '목 17:00 - 03:00', '금 17:00 - 05:00', '토 16:00 - 05:00']"
정원다이닝,2,이자카야,서울 송파구 올림픽로32길 52 201호,송파나루역 2번 출구에서 327m,0507-1310-6956,0,"https://map.naver.com/p/search/%EC%9E%A0%EC%8B%A4%20%EC%88%A0%EC%A7%91/place/1311972136?c=12.00,0,0,0,dh&placePath=%3Fentry%253Dbmp","['일 17:00 - 24:00 23:00 라스트오더', '월 17:00 - 24:00 23:00 라스트오더', '화 17:00 - 24:00 23:00 라스트오더', '수(5/15) 부처님 오신 날17:00 - 24:00', '목 17:00 - 24:00 23:00 라스트오더', '금 17:00 - 24:00 23:00 라스트오더', '토 17:00 - 24:00 23:00 라스트오더']"
야키토리 로만 잠실새내 본점,2,이자카야,서울 송파구 올림픽로12길 4-15 1층,잠실새내역 4번 출구에서 305m,0507-1387-4570,0,"https://map.naver.com/p/search/%EC%9E%A0%EC%8B%A4%20%EC%88%A0%EC%A7%91/place/1248283660?c=12.00,0,0,0,dh&placePath=%3Fentry%253Dbmp","['일 17:00 - 23:00 22:15 라스트오더', '월 17:00 - 24:00 23:15 라스트오더', '화 17:00 - 24:00 23:15 라스트오더', '수 17:00 - 24:00 23:15 라스트오더', '목 17:00 - 24:00 23:15 라스트오더', '금 17:00 - 24:00 23:15 라스트오더', '토 17:00 - 24:00 23:15 라스트오더']"
오리진,2,이자카야,서울 송파구 백제고분로9길 53 지상1층,잠실새내역 3번 출구에서 197m,0507-1316-0025,0,"https://map.naver.com/p/search/%EC%9E%A0%EC%8B%A4%20%EC%88%A0%EC%A7%91/place/1456149336?c=12.00,0,0,0,dh&placePath=%3Fentry%253Dbmp",['매일 18:00 - 03:00']
슬며시,2,요리주점,서울 송파구 백제고분로7길 32-19 1층 101호,잠실새내역 4번 출구에서 377m,0507-1438-2510,0,"https://map.naver.com/p/search/%EC%9E%A0%EC%8B%A4%20%EC%88%A0%EC%A7%91/place/1348782426?c=12.00,0,0,0,dh&placePath=%3Fentry%253Dbmp","['일 18:00 - 01:00 00:30 라스트오더', '월 정기휴무 (매주 월요일)', '화 18:00 - 01:00 00:30 라스트오더', '수 18:00 - 01:00 00:30 라스트오더', '목 18:00 - 01:00 00:30 라스트오더', '금 18:00 - 02:00 01:30 라스트오더', '토 18:00 - 02:00 01:30 라스트오더']"
쿠킹주방,2,요리주점,서울 송파구 백제고분로7길 24-14 2층,잠실새내역 4번 출구에서 439m,010-6666-7595,0,"https://map.naver.com/p/search/%EC%9E%A0%EC%8B%A4%20%EC%88%A0%EC%A7%91/place/1401466538?c=12.00,0,0,0,dh&placePath=%3Fentry%253Dbmp","['일 18:00 - 02:00 01:30 라스트오더', '월 18:00 - 02:00 01:30 라스트오더', '화 18:00 - 02:00 01:30 라스트오더', '수 18:00 - 02:00 01:30 라스트오더', '목 18:00 - 02:00 01:30 라스트오더', '금 18:00 - 04:00 03:30 라스트오더', '토 18:00 - 04:00 03:30 라스트오더']"
최부림맥주,2,"맥주,호프",서울 송파구 석촌호수로 188 1층 101호,석촌고분역 2번 출구에서 474m,0507-1376-5795,0,"https://map.naver.com/p/search/%EC%9E%A0%EC%8B%A4%20%EC%88%A0%EC%A7%91/place/1318495130?c=12.00,0,0,0,dh&placePath=%3Fentry%253Dbmp","['일 16:00 - 02:00', '월 18:00 - 02:00', '화 18:00 - 02:00', '수 18:00 - 02:00', '목 18:00 - 02:00', '금 18:00 - 02:00', '토 16:00 - 02:00']"
수다주막,2,요리주점,서울 송파구 백제고분로7길 39 2층 201~205호,잠실새내역 4번 출구에서 71m,0507-1325-3684,0,"https://map.naver.com/p/search/%EC%9E%A0%EC%8B%A4%20%EC%88%A0%EC%A7%91/place/1829811853?c=12.00,0,0,0,dh&placePath=%3Fentry%253Dbmp","['일 17:00 - 03:00 02:30 라스트오더', '월 17:00 - 03:00 02:30 라스트오더', '화 17:00 - 03:00 02:30 라스트오더', '수 17:00 - 03:00 02:30 라스트오더', '목 17:00 - 03:00 02:30 라스트오더', '금 17:00 - 05:00 04:30 라스트오더', '토 17:00 - 05:00 04:30 라스트오더']"
송리단양조장,2,요리주점,서울 송파구 백제고분로45길 11 렉스프라자 2층,송파나루역 1번 출구에서 277m,0507-1391-5211,0,"https://map.naver.com/p/search/%EC%9E%A0%EC%8B%A4%20%EC%88%A0%EC%A7%91/place/1211958247?c=12.00,0,0,0,dh&placePath=%3Fentry%253Dbmp","['일 16:00 - 24:00', '월 정기휴무 (매주 월요일)', '화 17:00 - 24:00', '수(5/15) 부처님 오신 날16:00 - 24:00', '목 17:00 - 24:00', '금 17:00 - 24:00', '토 16:00 - 01:00']"
동일문,2,요리주점,서울 송파구 백제고분로17길 38 1층,잠실새내역 3번 출구에서 363m,0507-1407-0719,0,"https://map.naver.com/p/search/%EC%9E%A0%EC%8B%A4%20%EC%88%A0%EC%A7%91/place/1810910382?c=12.00,0,0,0,dh&placePath=%3Fentry%253Dbmp","['일 16:00 - 23:00 22:00 라스트오더', '월 17:00 - 03:00 02:00 라스트오더', '화 17:00 - 03:00 02:00 라스트오더', '수 17:00 - 03:00 02:00 라스트오더', '목 17:00 - 03:00 02:00 라스트오더', '금 17:00 - 03:00 02:00 라스트오더', '토 16:00 - 24:00 23:00 라스트오더', '매달 4번째 일요일 정기 휴무']"
코오리,2,이자카야,서울 송파구 백제고분로39길 30 101호 코오리,석촌역 번 출구에서 35m,0507-1379-3428,0,"https://map.naver.com/p/search/%EC%9E%A0%EC%8B%A4%20%EC%88%A0%EC%A7%91/place/1682863636?c=12.00,0,0,0,dh&placePath=%3Fentry%253Dbmp","['일 18:00 - 01:00 00:00 라스트오더', '월 정기휴무 (매주 월요일)', '화 18:00 - 01:00 00:00 라스트오더', '수 18:00 - 01:00 00:00 라스트오더', '목 18:00 - 01:00 00:00 라스트오더', '금 18:00 - 01:00 00:00 라스트오더', '토 18:00 - 01:00 00:00 라스트오더']"
만석집,2,포장마차,"서울 송파구 올림픽로35길 124 장미상가 A동 지하1층 32-1, 33-1~2",잠실역 7번 출구에서 497m,0507-1390-3229,0,"https://map.naver.com/p/search/%EC%9E%A0%EC%8B%A4%20%EC%88%A0%EC%A7%91/place/1110743664?c=12.00,0,0,0,dh&placePath=%3Fentry%253Dbmp","['일 정기휴무 (매주 일요일)', '월 11:00 - 22:50 14:30 - 16:30 브레이크타임 22:15 라스트오더', '화 11:00 - 22:50 14:30 - 16:30 브레이크타임 22:15 라스트오더', '수(5/15) 부처님 오신 날 휴무', '목 11:00 - 22:50 14:30 - 16:30 브레이크타임 22:15 라스트오더', '금 11:00 - 22:50 14:30 - 16:30 브레이크타임 22:15 라스트오더', '토 정기휴무 (매주 토요일)', '']"
월하소담,2,요리주점,서울 송파구 백제고분로7길 42-29 1층 103호,잠실새내역 3번 출구에서 389m,0507-1328-3482,0,"https://map.naver.com/p/search/%EC%9E%A0%EC%8B%A4%20%EC%88%A0%EC%A7%91/place/1152815071?c=12.00,0,0,0,dh&placePath=%3Fentry%253Dbmp","['일 13:00 - 01:00', '월 정기휴무 (매주 월요일)', '화 13:00 - 01:00', '수 13:00 - 01:00', '목 13:00 - 01:00', '금 13:00 - 01:00', '토 13:00 - 01:00']"
낙주회관,2,요리주점,서울 송파구 올림픽로32길 27 2층,송파나루역 2번 출구에서 564m,0507-1348-4276,0,"https://map.naver.com/p/search/%EC%9E%A0%EC%8B%A4%20%EC%88%A0%EC%A7%91/place/1793637743?c=12.00,0,0,0,dh&placePath=%3Fentry%253Dbmp",['매일 17:00 - 04:00 03:00 라스트오더']
켄홈 방이점,2,이자카야,서울 송파구 올림픽로32길 46 지상 1층,송파나루역 2번 출구에서 374m,0507-1349-7597,0,"https://map.naver.com/p/search/%EC%9E%A0%EC%8B%A4%20%EC%88%A0%EC%A7%91/place/1789337937?c=12.00,0,0,0,dh&placePath=%3Fentry%253Dbmp","['일 17:00 - 01:00 00:00 라스트오더', '월 17:00 - 02:00 01:00 라스트오더', '화 17:00 - 02:00 01:00 라스트오더', '수 17:00 - 02:00 01:00 라스트오더', '목 17:00 - 02:00 01:00 라스트오더', '금 17:00 - 02:00 01:00 라스트오더', '토 17:00 - 02:00 01:00 라스트오더']"
팔각동,2,이자카야,서울 송파구 송파대로48길 7 1층 104호 팔각동,석촌역 1번 출구에서 431m,0507-1414-8961,0,"https://map.naver.com/p/search/%EC%9E%A0%EC%8B%A4%20%EC%88%A0%EC%A7%91/place/1546654146?c=12.00,0,0,0,dh&placePath=%3Fentry%253Dbmp","['일 17:00 - 23:00 22:00 라스트오더', '월 정기휴무 (매주 월요일)', '화 17:00 - 24:00 23:00 라스트오더', '수(5/15) 부처님 오신 날17:00 - 24:00', '목 17:00 - 24:00 23:00 라스트오더', '금 17:00 - 24:00 23:00 라스트오더', '토 17:00 - 24:00 23:00 라스트오더']"
오사카하루,2,이자카야,서울 송파구 올림픽로32길 19-15 2층,몽촌토성역 3번 출구에서 417m,02-412-5388,0,"https://map.naver.com/p/search/%EC%9E%A0%EC%8B%A4%20%EC%88%A0%EC%A7%91/place/82446779?c=12.00,0,0,0,dh&placePath=%3Fentry%253Dbmp","['일 11:30 - 22:00 15:00 - 17:00 브레이크타임 21:00 라스트오더', '월 11:30 - 22:00 15:00 - 17:00 브레이크타임 21:00 라스트오더', '화 11:30 - 22:00 15:00 - 17:00 브레이크타임 21:00 라스트오더', '수 11:30 - 22:00 15:00 - 17:00 브레이크타임 21:00 라스트오더', '목 11:30 - 22:00 15:00 - 17:00 브레이크타임 21:00 라스트오더', '금 11:30 - 22:00 15:00 - 17:00 브레이크타임 21:00 라스트오더', '토 11:30 - 22:00 15:00 - 17:00 브레이크타임 21:00 라스트오더', '생방송오늘저녁 761회, 18.01.08. 2018년 1월 8일  야키니쿠한상']"
백야,2,이자카야,서울 송파구 오금로13길 22 2층 백야,송파나루역 2번 출구에서 585m,0507-1309-9135,0,"https://map.naver.com/p/search/%EC%9E%A0%EC%8B%A4%20%EC%88%A0%EC%A7%91/place/1900324809?c=12.00,0,0,0,dh&placePath=%3Fentry%253Dbmp","['일 16:00 - 23:00 22:00 라스트오더', '월 16:00 - 23:00 22:00 라스트오더', '화 16:00 - 23:00 22:00 라스트오더', '수 16:00 - 23:00 22:00 라스트오더', '목 16:00 - 23:00 22:00 라스트오더', '금 16:00 - 24:00 23:00 라스트오더', '토 16:00 - 24:00 23:00 라스트오더']"
싱어리,2,요리주점,서울 송파구 올림픽로34길 27-22 1층,몽촌토성역 3번 출구에서 272m,0507-1337-6173,0,"https://map.naver.com/p/search/%EC%9E%A0%EC%8B%A4%20%EC%88%A0%EC%A7%91/place/1805052124?c=12.00,0,0,0,dh&placePath=%3Fentry%253Dbmp","['일 정기휴무 (매주 일요일)', '월 17:00 - 24:00 23:00 라스트오더', '화 17:00 - 24:00 23:00 라스트오더', '수 17:00 - 24:00 23:00 라스트오더', '목 17:00 - 24:00 23:00 라스트오더', '금 17:00 - 24:00 23:00 라스트오더', '토 17:00 - 24:00 23:00 라스트오더']"
이자카야찌유,2,이자카야,서울 송파구 올림픽로32길 22-9,잠실역 10번 출구에서 51m,070-7543-4712,0,"https://map.naver.com/p/search/%EC%9E%A0%EC%8B%A4%20%EC%88%A0%EC%A7%91/place/1831767507?c=12.00,0,0,0,dh&placePath=%3Fentry%253Dbmp",['매일 17:00 - 01:00']
구지라운지,2,"맥주,호프",서울 송파구 올림픽로10길 22 지하1층,잠실새내역 4번 출구에서 500m,0507-1465-0717,0,"https://map.naver.com/p/search/%EC%9E%A0%EC%8B%A4%20%EC%88%A0%EC%A7%91/place/287898867?c=12.00,0,0,0,dh&placePath=%3Fentry%253Dbmp","['일 18:00 - 03:00', '월 정기휴무 (매주 월요일)', '화 18:00 - 03:00', '수 18:00 - 03:00', '목 18:00 - 03:00', '금 18:00 - 03:00', '토 18:00 - 03:00']"
지금부터,2,"맥주,호프",서울 송파구 올림픽로32길 32 2층,송파나루역 2번 출구에서 482m,02-415-8900,0,"https://map.naver.com/p/search/%EC%9E%A0%EC%8B%A4%20%EC%88%A0%EC%A7%91/place/1215235660?c=12.00,0,0,0,dh&placePath=%3Fentry%253Dbmp","['일 16:00 - 02:00', '월 16:00 - 02:00', '화 16:00 - 02:00', '수 16:00 - 02:00', '목 16:00 - 02:00', '금 16:00 - 03:00', '토 16:00 - 03:00']"
코코로,2,이자카야,서울 송파구 올림픽로32길 41 1층 코코로,송파나루역 2번 출구에서 32m,0507-1413-0518,0,"https://map.naver.com/p/search/%EC%9E%A0%EC%8B%A4%20%EC%88%A0%EC%A7%91/place/13430645?c=12.00,0,0,0,dh&placePath=%3Fentry%253Dbmp","['일 정기휴무 (매주 일요일)', '월 18:00 - 24:00 23:00 라스트오더', '화 18:00 - 24:00 23:00 라스트오더', '수 18:00 - 24:00 23:00 라스트오더', '목 18:00 - 02:00 01:00 라스트오더', '금 18:00 - 02:00 01:00 라스트오더', '토 17:30 - 02:00 01:00 라스트오더']"
우정국,2,요리주점,서울 송파구 올림픽로32길 42-6 . 지상1층,송파나루역 2번 출구에서 377m,0507-1369-5962,0,"https://map.naver.com/p/search/%EC%9E%A0%EC%8B%A4%20%EC%88%A0%EC%A7%91/place/1707624129?c=12.00,0,0,0,dh&placePath=%3Fentry%253Dbmp","['일 17:00 - 01:00 00:00 라스트오더', '월 17:00 - 01:00 00:00 라스트오더', '화 정기휴무 (매주 화요일)', '수 17:00 - 01:00 00:00 라스트오더', '목 17:00 - 01:00 00:00 라스트오더', '금 17:00 - 02:00 01:00 라스트오더', '토 17:00 - 02:00 01:00 라스트오더']"
홍홍 송리단길점,2,요리주점,서울 송파구 백제고분로41길 36 102호,석촌역 1번 출구에서 454m,010-5901-8225,0,"https://map.naver.com/p/search/%EC%9E%A0%EC%8B%A4%20%EC%88%A0%EC%A7%91/place/1122099445?c=12.00,0,0,0,dh&placePath=%3Fentry%253Dbmp","['일 17:00 - 01:00', '월 17:00 - 01:00', '화 17:00 - 01:00', '수 17:00 - 01:00', '목 17:00 - 01:00', '금 17:00 - 02:00', '토 17:00 - 02:00']"
펍휘트니,2,"맥주,호프",서울 송파구 올림픽로10길 9 1층 펍휘트니,종합운동장역 번 출구에서 431m,010-4952-9847,0,"https://map.naver.com/p/search/%EC%9E%A0%EC%8B%A4%20%EC%88%A0%EC%A7%91/place/1802639871?c=12.00,0,0,0,dh&placePath=%3Fentry%253Dbmp","['일 17:00 - 05:00', '월 17:00 - 05:00', '화 17:00 - 05:00', '수(5/15) 부처님 오신 날17:00 - 05:00', '목 17:00 - 05:00', '금 17:00 - 05:00', '토 17:00 - 05:00']"
잇뽀 방이점,2,이자카야,서울 송파구 오금로13길 3-20 2층 잇뽀 이자카야,잠실역 10번 출구에서 43m,0507-1420-1990,0,"https://map.naver.com/p/search/%EC%9E%A0%EC%8B%A4%20%EC%88%A0%EC%A7%91/place/1228268834?c=12.00,0,0,0,dh&placePath=%3Fentry%253Dbmp",['매일 16:30 - 01:30']
까노포차 잠실본점,2,포장마차,서울 송파구 백제고분로7길 52-23 102호,잠실새내역 3번 출구에서 305m,0507-1405-7738,0,"https://map.naver.com/p/search/%EC%9E%A0%EC%8B%A4%20%EC%88%A0%EC%A7%91/place/1160427010?c=12.00,0,0,0,dh&placePath=%3Fentry%253Dbmp",['매일 17:00 - 02:30 01:30 라스트오더']
나살던고향,2,"맥주,호프",서울 송파구 백제고분로7길 24-7 1층,잠실새내역 4번 출구에서 398m,02-723-3200,0,"https://map.naver.com/p/search/%EC%9E%A0%EC%8B%A4%20%EC%88%A0%EC%A7%91/place/21035842?c=12.00,0,0,0,dh&placePath=%3Fentry%253Dbmp",['매일 18:00 - 05:00']
모토쿠라시,2,이자카야,서울 송파구 백제고분로41길 27 202호 나무문,석촌역 1번 출구에서 365m,0507-1318-6327,0,"https://map.naver.com/p/search/%EC%9E%A0%EC%8B%A4%20%EC%88%A0%EC%A7%91/place/1116229050?c=12.00,0,0,0,dh&placePath=%3Fentry%253Dbmp","['일 17:00 - 24:00 23:30 라스트오더', '월 정기휴무 (매주 월요일)', '화 정기휴무 (매주 화요일)', '수 17:30 - 24:00 23:30 라스트오더', '목 17:30 - 24:00 23:30 라스트오더', '금 17:30 - 24:00 23:30 라스트오더', '토 17:00 - 24:00 23:30 라스트오더']"
소담히,2,이자카야,서울 송파구 올림픽로30길 9 엘루이시티 1층 105호,잠실역 10번 출구에서 400m,0507-1406-5141,0,"https://map.naver.com/p/search/%EC%9E%A0%EC%8B%A4%20%EC%88%A0%EC%A7%91/place/1025777007?c=12.00,0,0,0,dh&placePath=%3Fentry%253Dbmp","['일 17:00 - 24:00', '월 17:00 - 24:00', '화 17:00 - 24:00', '수(5/15) 부처님 오신 날17:00 - 01:00', '목 17:00 - 24:00', '금 17:00 - 01:00', '토 17:00 - 01:00']"
마스타하이볼,2,이자카야,서울 송파구 오금로11길 21 2층,몽촌토성역 3번 출구에서 446m,0507-1424-1986,0,"https://map.naver.com/p/search/%EC%9E%A0%EC%8B%A4%20%EC%88%A0%EC%A7%91/place/1414762014?c=12.00,0,0,0,dh&placePath=%3Fentry%253Dbmp","['일 17:00 - 03:00 02:00 라스트오더', '월 17:00 - 03:00 02:00 라스트오더', '화 17:00 - 03:00 02:00 라스트오더', '수 17:00 - 03:00 02:00 라스트오더', '목 17:00 - 03:00 02:00 라스트오더', '금 17:00 - 04:00 03:00 라스트오더', '토 17:00 - 04:00 03:00 라스트오더']"
아지태,2,이자카야,서울 송파구 백제고분로 426 1층 101호 아지태,송파나루역 4번 출구에서 202m,0507-1488-8996,0,"https://map.naver.com/p/search/%EC%9E%A0%EC%8B%A4%20%EC%88%A0%EC%A7%91/place/1779609922?c=12.00,0,0,0,dh&placePath=%3Fentry%253Dbmp","['일 정기휴무 (매주 일요일)', '월 18:00 - 24:00', '화 18:00 - 24:00', '수 18:00 - 24:00', '목 18:00 - 24:00', '금 18:00 - 24:00', '토 18:00 - 24:00']"
아오바,2,이자카야,서울 송파구 백제고분로15길 46 1층 102호,잠실새내역 3번 출구에서 344m,0507-1383-0552,0,"https://map.naver.com/p/search/%EC%9E%A0%EC%8B%A4%20%EC%88%A0%EC%A7%91/place/1133391725?c=12.00,0,0,0,dh&placePath=%3Fentry%253Dbmp","['일 정기휴무 (매주 일요일)', '월 16:00 - 01:00', '화 16:00 - 01:00', '수 16:00 - 01:00', '목 16:00 - 01:00', '금 16:00 - 01:00', '토 16:00 - 01:30']"
79대포 방이점,2,포장마차,서울 송파구 올림픽로32길 36 지상1층(방이동),송파나루역 2번 출구에서 46m,0507-1469-7987,0,"https://map.naver.com/p/search/%EC%9E%A0%EC%8B%A4%20%EC%88%A0%EC%A7%91/place/1672643474?c=12.00,0,0,0,dh&placePath=%3Fentry%253Dbmp",['매일 16:00 - 02:00']
진식주,2,요리주점,서울 송파구 삼전로13길 52 1층 101호,잠실새내역 3번 출구에서 568m,0507-1354-1817,0,"https://map.naver.com/p/search/%EC%9E%A0%EC%8B%A4%20%EC%88%A0%EC%A7%91/place/1249915377?c=12.00,0,0,0,dh&placePath=%3Fentry%253Dbmp","['일(5/12) 휴무', '월(5/13) 휴무', '화(5/14) 휴무', '수(5/15) 휴무', '목(5/16) 휴무', '금(5/17) 휴무', '토(5/18) 휴무', '05/05-07/31 휴무']"
이태리양조장 잠실본점,2,"맥주,호프",서울 송파구 백제고분로7길 27 1층,잠실새내역 4번 출구에서 337m,0507-1332-0576,0,"https://map.naver.com/p/search/%EC%9E%A0%EC%8B%A4%20%EC%88%A0%EC%A7%91/place/1905723809?c=12.00,0,0,0,dh&placePath=%3Fentry%253Dbmp","['일 15:00 - 03:00', '월 16:00 - 03:00', '화 16:00 - 03:00', '수 16:00 - 03:00', '목 16:00 - 03:00', '금 16:00 - 04:00', '토 15:00 - 04:00', '생방송투데이 3138회, 22.09.20. 2022년 9월 20일  이탈리아식화덕피자']"
야키토리 렌,2,이자카야,서울 송파구 올림픽로32길 22-5 2층(방이동),잠실역 10번 출구에서 595m,0507-1383-1469,0,"https://map.naver.com/p/search/%EC%9E%A0%EC%8B%A4%20%EC%88%A0%EC%A7%91/place/1336097673?c=12.00,0,0,0,dh&placePath=%3Fentry%253Dbmp","['일 17:00 - 24:00 23:00 라스트오더', '월 정기휴무 (매주 월요일)', '화 17:00 - 24:00 23:00 라스트오더', '수 17:00 - 24:00 23:00 라스트오더', '목 17:00 - 24:00 23:00 라스트오더', '금 17:00 - 24:00 23:00 라스트오더', '토 17:00 - 24:00 23:00 라스트오더']"
도톤보리,2,이자카야,서울 송파구 올림픽로32길 28 2층,송파나루역 2번 출구에서 565m,0507-1303-5630,0,"https://map.naver.com/p/search/%EC%9E%A0%EC%8B%A4%20%EC%88%A0%EC%A7%91/place/1499367276?c=12.00,0,0,0,dh&placePath=%3Fentry%253Dbmp",['매일 17:00 - 02:00 01:20 라스트오더']
세이야,2,이자카야,"서울 송파구 오금로13길 15 2층(방이동, 은정빌라)",송파나루역 2번 출구에서 551m,02-6326-5454,0,"https://map.naver.com/p/search/%EC%9E%A0%EC%8B%A4%20%EC%88%A0%EC%A7%91/place/1768750474?c=12.00,0,0,0,dh&placePath=%3Fentry%253Dbmp","['일 14:00 - 23:30 22:30 라스트오더', '월 정기휴무 (매주 월요일)', '화 17:00 - 24:00 23:00 라스트오더', '수 17:00 - 24:00 23:00 라스트오더', '목 17:00 - 24:00 23:00 라스트오더', '금 17:00 - 24:00 23:00 라스트오더', '토 14:00 - 24:00 23:00 라스트오더']"
육연각,2,요리주점,서울 송파구 백제고분로33길 28 103호,석촌고분역 2번 출구에서 407m,0507-1402-3668,0,"https://map.naver.com/p/search/%EC%9E%A0%EC%8B%A4%20%EC%88%A0%EC%A7%91/place/1340803235?c=12.00,0,0,0,dh&placePath=%3Fentry%253Dbmp","['일 17:00 - 01:00 00:30 라스트오더', '월 정기휴무 (매주 월요일)', '화 17:00 - 01:00 00:30 라스트오더', '수(5/15) 부처님 오신 날17:00 - 24:00', '목 17:00 - 01:00 00:30 라스트오더', '금 17:00 - 01:00 00:30 라스트오더', '토 17:00 - 01:00 00:30 라스트오더']"
하이하이스낵바 방이직영점,2,이자카야,서울 송파구 올림픽로32길 22-14 2층,잠실역 10번 출구에서 564m,02-417-5557,0,"https://map.naver.com/p/search/%EC%9E%A0%EC%8B%A4%20%EC%88%A0%EC%A7%91/place/1042728749?c=12.00,0,0,0,dh&placePath=%3Fentry%253Dbmp",['매일 17:00 - 02:00 01:00 라스트오더']
하노이맥주밤거리 방이점,2,요리주점,"서울 송파구 오금로11길 29 1층 102, 103호",몽촌토성역 3번 출구에서 334m,0507-1357-5348,0,"https://map.naver.com/p/search/%EC%9E%A0%EC%8B%A4%20%EC%88%A0%EC%A7%91/place/1820783361?c=12.00,0,0,0,dh&placePath=%3Fentry%253Dbmp",['매일 17:00 - 05:00 04:00 라스트오더']
어니테이블,2,요리주점,서울 송파구 오금로 126 레이크 해모로 제1층 117호,송파나루역 1번 출구에서 340m,010-2300-9432,0,"https://map.naver.com/p/search/%EC%9E%A0%EC%8B%A4%20%EC%88%A0%EC%A7%91/place/1148134447?c=12.00,0,0,0,dh&placePath=%3Fentry%253Dbmp","['일 11:30 - 21:00', '월 정기휴무 (매주 월요일)', '화 11:30 - 23:20 15:00 - 17:00 브레이크타임', '수 11:30 - 23:20 15:00 - 17:00 브레이크타임', '목 11:30 - 23:20 15:00 - 17:00 브레이크타임', '금 11:30 - 23:20 15:00 - 17:00 브레이크타임', '토 11:30 - 23:20 15:00 - 17:00 브레이크타임']"
노보루,2,요리주점,서울 송파구 백제고분로7길 20 2층3층,잠실새내역 4번 출구에서 419m,02-416-2979,0,"https://map.naver.com/p/search/%EC%9E%A0%EC%8B%A4%20%EC%88%A0%EC%A7%91/place/20724121?c=12.00,0,0,0,dh&placePath=%3Fentry%253Dbmp",['매일 17:00 - 05:00']
올드퍼피,2,"맥주,호프",서울 송파구 백제고분로45길 40 A동 202호,송파나루역 1번 출구에서 500m,0507-1349-4276,0,"https://map.naver.com/p/search/%EC%9E%A0%EC%8B%A4%20%EC%88%A0%EC%A7%91/place/1839069467?c=12.00,0,0,0,dh&placePath=%3Fentry%253Dbmp",['매일 14:00 - 02:00 01:30 라스트오더']
방이깊은밤,2,요리주점,서울 송파구 올림픽로32길 45 1층 102호,송파나루역 2번 출구에서 372m,0507-1364-3914,0,"https://map.naver.com/p/search/%EC%9E%A0%EC%8B%A4%20%EC%88%A0%EC%A7%91/place/1940857696?c=12.00,0,0,0,dh&placePath=%3Fentry%253Dbmp","['일 18:00 - 02:00 01:00 라스트오더', '월 18:30 - 02:00 01:00 라스트오더', '화(5/14) 18:00 - 02:00', '수(5/15) 18:00 - 02:00', '목 18:30 - 02:00 01:00 라스트오더', '금 18:00 - 02:00 01:00 라스트오더', '토 18:00 - 02:00 01:00 라스트오더']"
칸단하이볼 본점,2,요리주점,서울 송파구 오금로11길 14 칸단하이볼 본점,잠실역 10번 출구에서 54m,0507-1386-4313,0,"https://map.naver.com/p/search/%EC%9E%A0%EC%8B%A4%20%EC%88%A0%EC%A7%91/place/1533027438?c=12.00,0,0,0,dh&placePath=%3Fentry%253Dbmp","['일 17:00 - 02:00 01:00 라스트오더', '월 17:00 - 02:00 01:00 라스트오더', '화 17:00 - 02:00 01:00 라스트오더', '수 17:00 - 02:00 01:00 라스트오더', '목 17:00 - 02:00 01:00 라스트오더', '금 17:00 - 03:00 02:00 라스트오더', '토 17:00 - 03:00 02:00 라스트오더']"
조용,2,이자카야,서울 송파구 위례성대로18길 31-8 1층,방이역 4번 출구에서 101m,0507-1322-6587,0,"https://map.naver.com/p/search/%EC%9E%A0%EC%8B%A4%20%EC%88%A0%EC%A7%91/place/1062153131?c=12.00,0,0,0,dh&placePath=%3Fentry%253Dbmp","['일 정기휴무 (매주 일요일)', '월 18:00 - 23:30 23:00 라스트오더', '화 18:00 - 23:30 23:00 라스트오더', '수(5/15) 부처님 오신 날18:00 - 23:30', '목 18:00 - 23:30 23:00 라스트오더', '금 18:00 - 23:30 23:00 라스트오더', '토 18:00 - 23:30 23:00 라스트오더']"
아낙네그루브,2,요리주점,"서울 송파구 백제고분로45길 15 4,5층 아낙네그루브",송파나루역 1번 출구에서 313m,0507-1309-4293,0,"https://map.naver.com/p/search/%EC%9E%A0%EC%8B%A4%20%EC%88%A0%EC%A7%91/place/1982863012?c=12.00,0,0,0,dh&placePath=%3Fentry%253Dbmp","['일 17:00 - 24:00 23:00 라스트오더', '월 정기휴무 (매주 월요일)', '화 17:00 - 24:00 23:00 라스트오더', '수(5/15) 부처님 오신 날17:00 - 24:00', '목 17:00 - 24:00 23:00 라스트오더', '금 17:00 - 24:00 23:00 라스트오더', '토 17:00 - 24:00 23:00 라스트오더']"
혼차,2,"맥주,호프",서울 송파구 올림픽로34길 5-14 2층 201호,몽촌토성역 3번 출구에서 244m,0507-1351-5629,0,"https://map.naver.com/p/search/%EC%9E%A0%EC%8B%A4%20%EC%88%A0%EC%A7%91/place/1230868331?c=12.00,0,0,0,dh&placePath=%3Fentry%253Dbmp","['일 19:00 - 04:00', '월 정기휴무 (매주 월요일)', '화 19:00 - 04:00', '수 19:00 - 04:00', '목 19:00 - 04:00', '금 19:00 - 04:00', '토 19:00 - 04:00']"
부라보포차 방이점,2,"맥주,호프",서울 송파구 오금로11길 21 지하1층 1호,몽촌토성역 3번 출구에서 44m,0507-1349-1841,0,"https://map.naver.com/p/search/%EC%9E%A0%EC%8B%A4%20%EC%88%A0%EC%A7%91/place/1154334277?c=12.00,0,0,0,dh&placePath=%3Fentry%253Dbmp",['매일 17:00 - 02:00']
Bar 자기류,2,요리주점,서울 송파구 백제고분로21길 20 1층 101호,삼전역 2번 출구에서 27m,0507-1410-3471,0,"https://map.naver.com/p/search/%EC%9E%A0%EC%8B%A4%20%EC%88%A0%EC%A7%91/place/1192041154?c=12.00,0,0,0,dh&placePath=%3Fentry%253Dbmp","['일 정기휴무 (매주 일요일)', '월 17:00 - 24:00 23:00 라스트오더', '화 17:00 - 24:00 23:00 라스트오더', '수 17:00 - 24:00 23:00 라스트오더', '목 17:00 - 24:00 23:00 라스트오더', '금 17:00 - 24:00 23:00 라스트오더', '토 17:00 - 24:00 23:00 라스트오더']"
잠실포차술깡이,2,포장마차,서울 송파구 석촌호수로18길 10 1층 102호,석촌고분역 2번 출구에서 685m,070-7547-7553,0,"https://map.naver.com/p/search/%EC%9E%A0%EC%8B%A4%20%EC%88%A0%EC%A7%91/place/1297854036?c=12.00,0,0,0,dh&placePath=%3Fentry%253Dbmp","['일 18:00 - 01:00', '월 정기휴무 (매주 월요일)', '화 18:00 - 04:00', '수 18:00 - 04:00', '목 18:00 - 04:00', '금 18:00 - 04:00', '토 18:00 - 04:00']"
버들골이야기 방이점,2,포장마차,서울 송파구 올림픽로32길 33 유성빌딩 1층,송파나루역 2번 출구에서 562m,02-2203-0311,0,"https://map.naver.com/p/search/%EC%9E%A0%EC%8B%A4%20%EC%88%A0%EC%A7%91/place/32284458?c=12.00,0,0,0,dh&placePath=%3Fentry%253Dbmp",['매일 17:00 - 05:00 03:30 라스트오더']
전포여관 잠실새내점,2,요리주점,서울 송파구 올림픽로10길 13-1 1층,잠실새내역 4번 출구에서 47m,0507-1472-0487,0,"https://map.naver.com/p/search/%EC%9E%A0%EC%8B%A4%20%EC%88%A0%EC%A7%91/place/1024769272?c=12.00,0,0,0,dh&placePath=%3Fentry%253Dbmp",['매일 17:00 - 02:00']
낭만짚불구이 방이점,2,요리주점,"서울 송파구 오금로15길 12 1층, 2층 낭만짚불구이",송파나루역 2번 출구에서 433m,0507-1342-5289,0,"https://map.naver.com/p/search/%EC%9E%A0%EC%8B%A4%20%EC%88%A0%EC%A7%91/place/1689275623?c=12.00,0,0,0,dh&placePath=%3Fentry%253Dbmp",['매일 17:00 - 02:00 01:30 라스트오더']
짝태집,2,요리주점,서울 송파구 올림픽로10길 22 1층 짝태집,잠실새내역 4번 출구에서 494m,0507-1386-7020,0,"https://map.naver.com/p/search/%EC%9E%A0%EC%8B%A4%20%EC%88%A0%EC%A7%91/place/1623893561?c=12.00,0,0,0,dh&placePath=%3Fentry%253Dbmp",['매일 17:00 - 02:00']
하이뮤직타운,2,"맥주,호프",서울 송파구 올림픽로32길 10-1,몽촌토성역 3번 출구에서 446m,010-5681-8894,0,"https://map.naver.com/p/search/%EC%9E%A0%EC%8B%A4%20%EC%88%A0%EC%A7%91/place/1971228173?c=12.00,0,0,0,dh&placePath=%3Fentry%253Dbmp",['매일 17:00 - 06:00']
라이언하트,2,바(BAR),서울 송파구 석촌호수로 284 지하104호,송파나루역 1번 출구에서 547m,0507-1319-9080,0,"https://map.naver.com/p/search/%EC%9E%A0%EC%8B%A4%20%EC%88%A0%EC%A7%91/place/1905685997?c=12.00,0,0,0,dh&placePath=%3Fentry%253Dbmp","['일 18:00 - 01:00', '월 18:00 - 01:00', '화 18:00 - 01:00', '수 18:00 - 01:00', '목 18:00 - 01:00', '금 18:00 - 01:00', '토 18:00 - 01:00']"
용용선생 잠실새내점,2,요리주점,서울 송파구 백제고분로7길 24 1층,잠실새내역 4번 출구에서 37m,0507-1373-1167,0,"https://map.naver.com/p/search/%EC%9E%A0%EC%8B%A4%20%EC%88%A0%EC%A7%91/place/1518513842?c=12.00,0,0,0,dh&placePath=%3Fentry%253Dbmp",['매일 17:00 - 02:00 01:00 라스트오더']
꼴목포차 잠실점,2,포장마차,서울 송파구 백제고분로19길 12,삼전역 1번 출구에서 212m,02-417-5369,0,"https://map.naver.com/p/search/%EC%9E%A0%EC%8B%A4%20%EC%88%A0%EC%A7%91/place/1591912407?c=12.00,0,0,0,dh&placePath=%3Fentry%253Dbmp",['매일 17:00 - 05:00']
깡우동 송파방이점,2,포장마차,서울 송파구 오금로13길 10-1 1층,송파나루역 2번 출구에서 536m,0507-1328-0045,0,"https://map.naver.com/p/search/%EC%9E%A0%EC%8B%A4%20%EC%88%A0%EC%A7%91/place/1944164293?c=12.00,0,0,0,dh&placePath=%3Fentry%253Dbmp","['일 18:00 - 02:00', '월 18:00 - 02:00', '화 18:00 - 02:00', '수 18:00 - 02:00', '목 18:00 - 02:00', '금 18:00 - 03:00', '토 18:00 - 03:00']"
마케집 잠실점,2,이자카야,"서울 송파구 올림픽로10길 19 1, 2층",잠실새내역 4번 출구에서 481m,0507-1483-4008,0,"https://map.naver.com/p/search/%EC%9E%A0%EC%8B%A4%20%EC%88%A0%EC%A7%91/place/1623905506?c=12.00,0,0,0,dh&placePath=%3Fentry%253Dbmp","['매일 15:00 - 01:30', '맛있는녀석들 418회, 23.02.24. 2023년 2월 24일  초고추장/막회/성게알&단새우&감태']"
미스타교자 방이점,2,이자카야,서울 송파구 오금로15길 7-12 1층 101호,송파나루역 2번 출구에서 457m,0507-1361-5036,0,"https://map.naver.com/p/search/%EC%9E%A0%EC%8B%A4%20%EC%88%A0%EC%A7%91/place/1555180646?c=12.00,0,0,0,dh&placePath=%3Fentry%253Dbmp","['일 17:00 - 02:00 01:00 라스트오더', '월 17:00 - 02:00 01:00 라스트오더', '화 17:00 - 02:00 01:00 라스트오더', '수 17:00 - 02:00 01:00 라스트오더', '목 17:00 - 02:00 01:00 라스트오더', '금 17:00 - 02:00 01:00 라스트오더', '토 17:00 - 02:00 01:00 라스트오더']"
헤라,2,"맥주,호프",서울 송파구 백제고분로7길 39,잠실새내역 4번 출구에서 71m,0507-1415-1462,0,"https://map.naver.com/p/search/%EC%9E%A0%EC%8B%A4%20%EC%88%A0%EC%A7%91/place/1057966878?c=12.00,0,0,0,dh&placePath=%3Fentry%253Dbmp","['일 19:30 - 06:00', '월 19:30 - 04:00', '화 19:30 - 04:00', '수 19:30 - 04:00', '목 19:30 - 04:00', '금 19:30 - 04:00', '토 19:30 - 06:00']"
몽키뮤직타운 잠실새내역점,2,요리주점,서울 송파구 올림픽로 98 성진빌딩 지하 1층,잠실새내역 4번 출구에서 89m,02-420-2771,0,"https://map.naver.com/p/search/%EC%9E%A0%EC%8B%A4%20%EC%88%A0%EC%A7%91/place/1934344952?c=12.00,0,0,0,dh&placePath=%3Fentry%253Dbmp",['매일 18:00 - 06:00']
육회만난연어,2,요리주점,서울 송파구 백제고분로41길 26 1층 101호,석촌역 1번 출구에서 374m,02-419-0916,0,"https://map.naver.com/p/search/%EC%9E%A0%EC%8B%A4%20%EC%88%A0%EC%A7%91/place/1452542600?c=12.00,0,0,0,dh&placePath=%3Fentry%253Dbmp","['일 17:00 - 02:00', '월 17:00 - 02:00', '화 17:00 - 02:00', '수 정기휴무 (매주 수요일)', '목 17:00 - 02:00', '금 17:00 - 02:00', '토 17:00 - 02:00']"
민생시장,2,"맥주,호프",서울 송파구 백제고분로45길 5 1층,송파나루역 1번 출구에서 221m,0507-1450-4502,0,"https://map.naver.com/p/search/%EC%9E%A0%EC%8B%A4%20%EC%88%A0%EC%A7%91/place/1797074088?c=12.00,0,0,0,dh&placePath=%3Fentry%253Dbmp",['매일 16:00 - 02:00']
이자카야마타,2,이자카야,서울 송파구 백제고분로45길 25 1층이자카야마타,송파나루역 1번 출구에서 425m,010-8528-1068,0,"https://map.naver.com/p/search/%EC%9E%A0%EC%8B%A4%20%EC%88%A0%EC%A7%91/place/13535295?c=12.00,0,0,0,dh&placePath=%3Fentry%253Dbmp","['일 17:30 - 24:00 23:30 라스트오더', '월 17:30 - 24:00 23:30 라스트오더', '화 17:30 - 24:00 23:30 라스트오더', '수 17:30 - 24:00 23:30 라스트오더', '목 17:30 - 24:00 23:30 라스트오더', '금 17:30 - 01:00 00:30 라스트오더', '토 17:30 - 01:00 00:30 라스트오더']"
오뎅바모츠뎅,2,이자카야,서울 송파구 백제고분로45길 22-1 1층 105호,송파나루역 1번 출구에서 371m,0507-1462-7865,0,"https://map.naver.com/p/search/%EC%9E%A0%EC%8B%A4%20%EC%88%A0%EC%A7%91/place/1009742855?c=12.00,0,0,0,dh&placePath=%3Fentry%253Dbmp","['일 17:00 - 24:00 23:30 라스트오더', '월 정기휴무 (매주 월요일)', '화 17:00 - 24:00 23:30 라스트오더', '수(5/15) 부처님 오신 날17:00 - 24:00', '목 17:00 - 24:00 23:30 라스트오더', '금 17:00 - 24:00 23:30 라스트오더', '토 17:00 - 24:00 23:30 라스트오더', '05/21-05/22 휴무']"
치킨과 국물닭발,2,술집,서울 송파구 백제고분로28길 20,삼전역 3번 출구에서 578m,02-415-5956,0,"https://map.naver.com/p/search/%EC%9E%A0%EC%8B%A4%20%EC%88%A0%EC%A7%91/place/21602402?c=12.00,0,0,0,dh&placePath=%3Fentry%253Dbmp","['일 15:00 - 24:00', '월 15:00 - 01:00', '화 15:00 - 01:00', '수 15:00 - 01:00', '목 15:00 - 01:00', '금 15:00 - 01:00', '토 15:00 - 01:00']"
마케집 방이점,2,이자카야,서울 송파구 오금로13길 21 1층,송파나루역 2번 출구에서 583m,0507-1363-3606,0,"https://map.naver.com/p/search/%EC%9E%A0%EC%8B%A4%20%EC%88%A0%EC%A7%91/place/1934725652?c=12.00,0,0,0,dh&placePath=%3Fentry%253Dbmp",['매일 16:00 - 03:00 02:00 라스트오더']
생마차 잠실새내점,2,이자카야,서울 송파구 백제고분로7길 34 1층,잠실새내역 4번 출구에서 9m,0507-1449-0135,0,"https://map.naver.com/p/search/%EC%9E%A0%EC%8B%A4%20%EC%88%A0%EC%A7%91/place/1596073273?c=12.00,0,0,0,dh&placePath=%3Fentry%253Dbmp",['매일 17:30 - 03:00 02:00 라스트오더']
와라비,2,이자카야,서울 송파구 석촌호수로12길 31,잠실새내역 4번 출구에서 59m,,0,"https://map.naver.com/p/search/%EC%9E%A0%EC%8B%A4%20%EC%88%A0%EC%A7%91/place/1466841035?c=12.00,0,0,0,dh&placePath=%3Fentry%253Dbmp",[]
뉴코 노래타운 신천점,2,요리주점,서울 송파구 올림픽로12길 4-23 지하1층,잠실새내역 4번 출구에서 357m,0507-1444-6611,0,"https://map.naver.com/p/search/%EC%9E%A0%EC%8B%A4%20%EC%88%A0%EC%A7%91/place/1066400477?c=12.00,0,0,0,dh&placePath=%3Fentry%253Dbmp","['일 18:00 - 04:00', '월 18:00 - 04:00', '화 18:00 - 04:00', '수 18:00 - 04:00', '목 18:00 - 04:00', '금 18:00 - 06:00', '토 18:00 - 06:00']"
포차천국 잠실새내점,2,포장마차,서울 송파구 백제고분로7길 48 성원빌딩 2층,잠실새내역 3번 출구에서 6m,02-424-1090,0,"https://map.naver.com/p/search/%EC%9E%A0%EC%8B%A4%20%EC%88%A0%EC%A7%91/place/1859110258?c=12.00,0,0,0,dh&placePath=%3Fentry%253Dbmp","['일 16:00 - 02:00 01:30 라스트오더', '월 16:00 - 02:00 01:30 라스트오더', '화 16:00 - 02:00 01:30 라스트오더', '수 16:00 - 02:00 01:30 라스트오더', '목 16:00 - 02:00 01:30 라스트오더', '금 16:00 - 03:00 02:30 라스트오더', '토 16:00 - 03:00 02:30 라스트오더']"
아도겐 송파점,2,이자카야,서울 송파구 백제고분로45길 21 1층 아도겐,송파나루역 1번 출구에서 32m,0507-1324-0106,0,"https://map.naver.com/p/search/%EC%9E%A0%EC%8B%A4%20%EC%88%A0%EC%A7%91/place/1052057222?c=12.00,0,0,0,dh&placePath=%3Fentry%253Dbmp",['매일 17:00 - 02:00']
오비베어 방이점,2,"맥주,호프",서울 송파구 오금로15길 10 2층,송파나루역 2번 출구에서 407m,0507-1319-1421,0,"https://map.naver.com/p/search/%EC%9E%A0%EC%8B%A4%20%EC%88%A0%EC%A7%91/place/1101816105?c=12.00,0,0,0,dh&placePath=%3Fentry%253Dbmp","['일 16:00 - 05:00', '월 17:00 - 05:00', '화 17:00 - 05:00', '수(5/15) 부처님 오신 날17:00 - 05:00', '목 17:00 - 05:00', '금 17:00 - 05:00', '토 17:00 - 05:00']"
홍홍 가락본점,2,요리주점,서울 송파구 송이로20길 11 1층,경찰병원역 1번 출구에서 42m,0507-1387-8225,0,"https://map.naver.com/p/search/%EC%9E%A0%EC%8B%A4%20%EC%88%A0%EC%A7%91/place/1623547565?c=12.00,0,0,0,dh&placePath=%3Fentry%253Dbmp","['일 17:00 - 01:00', '월 17:00 - 01:00', '화 17:00 - 01:00', '수 17:00 - 01:00', '목 17:00 - 01:00', '금 17:00 - 02:00', '토 17:00 - 02:00']"
이내포차,2,포장마차,서울 송파구 올림픽로12길 37 1층,잠실새내역 4번 출구에서 538m,0507-1417-7974,0,"https://map.naver.com/p/search/%EC%9E%A0%EC%8B%A4%20%EC%88%A0%EC%A7%91/place/147830335?c=12.00,0,0,0,dh&placePath=%3Fentry%253Dbmp","['일 18:00 - 24:00 23:00 라스트오더', '월 정기휴무 (매주 월요일)', '화 18:00 - 04:00 03:00 라스트오더', '수(5/15) 부처님 오신 날18:00 - 24:00', '목 18:00 - 04:00 03:00 라스트오더', '금 18:00 - 04:00 03:00 라스트오더', '토 18:00 - 04:00 03:00 라스트오더']"
지금보고싶다 방이점,2,요리주점,서울 송파구 오금로11길 12,잠실역 10번 출구에서 474m,0507-1348-7945,0,"https://map.naver.com/p/search/%EC%9E%A0%EC%8B%A4%20%EC%88%A0%EC%A7%91/place/1918391499?c=12.00,0,0,0,dh&placePath=%3Fentry%253Dbmp",['매일 17:00 - 05:00']
만주,2,이자카야,서울 송파구 올림픽로32길 21,송파나루역 2번 출구에서 605m,02-430-8090,0,"https://map.naver.com/p/search/%EC%9E%A0%EC%8B%A4%20%EC%88%A0%EC%A7%91/place/1615187782?c=12.00,0,0,0,dh&placePath=%3Fentry%253Dbmp","['일 16:00 - 04:30', '월 16:00 - 03:30', '화 16:00 - 03:30', '수 16:00 - 03:30', '목 16:00 - 03:30', '금 16:00 - 03:30', '토 16:00 - 04:30']"
79대포 서울석촌점,2,포장마차,서울 송파구 백제고분로39길 34 1층,석촌역 번 출구에서 451m,0507-1363-5643,0,"https://map.naver.com/p/search/%EC%9E%A0%EC%8B%A4%20%EC%88%A0%EC%A7%91/place/1329438702?c=12.00,0,0,0,dh&placePath=%3Fentry%253Dbmp","['일 17:00 - 01:00', '월 17:00 - 01:00', '화 17:00 - 01:00', '수 17:00 - 01:00', '목 17:00 - 01:00', '금 16:00 - 02:00', '토 16:00 - 02:00']"
기분,2,요리주점,서울 송파구 올림픽로12길 45 1층 103호,삼전역 1번 출구에서 626m,0507-1395-1349,0,"https://map.naver.com/p/search/%EC%9E%A0%EC%8B%A4%20%EC%88%A0%EC%A7%91/place/1010015876?c=12.00,0,0,0,dh&placePath=%3Fentry%253Dbmp","['일 정기휴무 (매주 일요일)', '월 정기휴무 (매주 월요일)', '화(5/14) 휴무', '수 정기휴무 (매주 수요일)', '목 정기휴무 (매주 목요일)', '금 정기휴무 (매주 금요일)', '토 정기휴무 (매주 토요일)', '05/21 휴무']"
야키토리잔잔 방이점,2,이자카야,서울 송파구 오금로13길 9 1층,송파나루역 2번 출구에서 523m,0507-1380-7481,0,"https://map.naver.com/p/search/%EC%9E%A0%EC%8B%A4%20%EC%88%A0%EC%A7%91/place/1721230371?c=12.00,0,0,0,dh&placePath=%3Fentry%253Dbmp","['일 17:00 - 02:00 01:00 라스트오더', '월 11:30 - 02:00 14:30 - 17:00 브레이크타임 01:00 라스트오더', '화 11:30 - 02:00 14:30 - 17:00 브레이크타임 01:00 라스트오더', '수 11:30 - 02:00 14:30 - 17:00 브레이크타임 01:00 라스트오더', '목 11:30 - 02:00 14:30 - 17:00 브레이크타임 01:00 라스트오더', '금 11:30 - 03:00 14:30 - 17:00 브레이크타임 02:00 라스트오더', '토 11:30 - 03:00 14:30 - 17:00 브레이크타임 02:00 라스트오더']"
토리키치 석촌호수점,2,이자카야,서울 송파구 송파대로49길 47 1층,석촌고분역 2번 출구에서 562m,02-420-8007,0,"https://map.naver.com/p/search/%EC%9E%A0%EC%8B%A4%20%EC%88%A0%EC%A7%91/place/1017543546?c=12.00,0,0,0,dh&placePath=%3Fentry%253Dbmp",['매일 17:00 - 01:00']
맛도리네,2,포장마차,서울 송파구 백제고분로32길 24 1층 3호,석촌고분역 4번 출구에서 363m,070-8954-1316,0,"https://map.naver.com/p/search/%EC%9E%A0%EC%8B%A4%20%EC%88%A0%EC%A7%91/place/1788424431?c=12.00,0,0,0,dh&placePath=%3Fentry%253Dbmp","['일 정기휴무 (매주 일요일)', '월 16:00 - 24:00 23:00 라스트오더', '화 16:00 - 24:00 23:00 라스트오더', '수 16:00 - 24:00 23:00 라스트오더', '목 16:00 - 24:00 23:00 라스트오더', '금 16:00 - 24:00 23:00 라스트오더', '토 16:00 - 24:00 23:00 라스트오더']"
용용선생 방이점,2,요리주점,"서울 송파구 올림픽로32길 18-11 101호, 102호",잠실역 10번 출구에서 53m,02-417-7070,0,"https://map.naver.com/p/search/%EC%9E%A0%EC%8B%A4%20%EC%88%A0%EC%A7%91/place/1517162799?c=12.00,0,0,0,dh&placePath=%3Fentry%253Dbmp","['일 17:00 - 01:30 00:30 라스트오더', '월 17:00 - 01:30 00:30 라스트오더', '화 17:00 - 01:30 00:30 라스트오더', '수 17:00 - 01:30 00:30 라스트오더', '목 17:00 - 01:30 00:30 라스트오더', '금 17:00 - 02:00 01:00 라스트오더', '토 17:00 - 02:00 01:00 라스트오더']"
명불허전원조골뱅이 방이점,2,포장마차,서울 송파구 올림픽로32길 23 1층 명불허전 원조골뱅이,송파나루역 2번 출구에서 608m,02-2246-1230,0,"https://map.naver.com/p/search/%EC%9E%A0%EC%8B%A4%20%EC%88%A0%EC%A7%91/place/36924672?c=12.00,0,0,0,dh&placePath=%3Fentry%253Dbmp",['매일 17:00 - 05:00']
야키토리 로만 송파점,2,이자카야,서울 송파구 백제고분로45길 34 지하1층,송파나루역 1번 출구에서 445m,0507-1312-4590,0,"https://map.naver.com/p/search/%EC%9E%A0%EC%8B%A4%20%EC%88%A0%EC%A7%91/place/1079272971?c=12.00,0,0,0,dh&placePath=%3Fentry%253Dbmp","['일 17:00 - 23:00 22:15 라스트오더', '월 17:00 - 24:00 23:15 라스트오더', '화 17:00 - 24:00 23:15 라스트오더', '수 17:00 - 24:00 23:15 라스트오더', '목 17:00 - 24:00 23:15 라스트오더', '금 17:00 - 24:00 23:15 라스트오더', '토 17:00 - 24:00 23:15 라스트오더']"
shutter54,2,바(BAR),서울 송파구 백제고분로45길 22-1 1층,송파나루역 1번 출구에서 318m,02-2203-2294,0,"https://map.naver.com/p/search/%EC%9E%A0%EC%8B%A4%20%EC%88%A0%EC%A7%91/place/1473126344?c=12.00,0,0,0,dh&placePath=%3Fentry%253Dbmp","['일 18:00 - 01:00', '월 19:00 - 01:00', '화 19:00 - 01:00', '수 19:00 - 01:00', '목 19:00 - 01:00', '금 19:00 - 01:00', '토 18:00 - 01:00']"
바 다빈치,2,바(BAR),서울 송파구 올림픽로32길 11 혜성빌딩 지하1층,몽촌토성역 3번 출구에서 454m,0507-1367-6042,0,"https://map.naver.com/p/search/%EC%9E%A0%EC%8B%A4%20%EC%88%A0%EC%A7%91/place/1458196213?c=12.00,0,0,0,dh&placePath=%3Fentry%253Dbmp","['일 18:00 - 02:00 01:30 라스트오더', '월 19:00 - 02:00 01:30 라스트오더', '화 19:00 - 02:00 01:30 라스트오더', '수(5/15) 부처님 오신 날18:00 - 02:00', '목 19:00 - 02:00 01:30 라스트오더', '금 19:00 - 02:00 01:30 라스트오더', '토 18:00 - 02:00 01:30 라스트오더']"
요리취향,2,요리주점,서울 송파구 삼전로8길 10 1층 1호,삼전역 2번 출구에서 236m,070-4799-2552,0,"https://map.naver.com/p/search/%EC%9E%A0%EC%8B%A4%20%EC%88%A0%EC%A7%91/place/1575110299?c=12.00,0,0,0,dh&placePath=%3Fentry%253Dbmp","['일 정기휴무 (매주 일요일)', '월 17:30 - 01:00 00:00 라스트오더', '화 17:30 - 01:00 00:00 라스트오더', '수(5/15) 부처님 오신 날17:30 - 01:00', '목 17:30 - 01:00 00:00 라스트오더', '금 17:30 - 01:00 00:00 라스트오더', '토 17:30 - 01:00 00:00 라스트오더']"
히비,2,이자카야,서울 송파구 올림픽로12길 45 1층 104호,잠실새내역 4번 출구에서 61m,0507-1306-4598,0,"https://map.naver.com/p/search/%EC%9E%A0%EC%8B%A4%20%EC%88%A0%EC%A7%91/place/1726747508?c=12.00,0,0,0,dh&placePath=%3Fentry%253Dbmp","['일(5/12) 휴무', '월 정기휴무 (매주 월요일)', '화 18:00 - 24:00 23:00 라스트오더', '수 18:00 - 24:00 23:00 라스트오더', '목 18:00 - 24:00 23:00 라스트오더', '금 18:00 - 01:00 00:00 라스트오더', '토 18:00 - 01:00 00:00 라스트오더', '05/26 휴무']"
"쉼, 어묵 그리고 한잔 술 방이역점",2,요리주점,서울 송파구 위례성대로18길 28-1 1층,방이역 4번 출구에서 198m,0507-1391-9287,0,"https://map.naver.com/p/search/%EC%9E%A0%EC%8B%A4%20%EC%88%A0%EC%A7%91/place/1627453171?c=12.00,0,0,0,dh&placePath=%3Fentry%253Dbmp",['매일 18:00 - 02:00']
호시아이,2,이자카야,서울 송파구 올림픽로12길 48-1 1층,삼전역 1번 출구에서 5m,02-6015-3355,0,"https://map.naver.com/p/search/%EC%9E%A0%EC%8B%A4%20%EC%88%A0%EC%A7%91/place/34354951?c=12.00,0,0,0,dh&placePath=%3Fentry%253Dbmp","['일 16:00 - 23:00', '월 17:30 - 01:00', '화 17:30 - 01:00', '수 17:30 - 01:00', '목 17:30 - 01:00', '금 17:30 - 02:00', '토 17:30 - 02:00']"
래빗홀,2,"맥주,호프",서울 송파구 오금로15길 7-1 3층,송파나루역 2번 출구에서 408m,0507-1350-3305,0,"https://map.naver.com/p/search/%EC%9E%A0%EC%8B%A4%20%EC%88%A0%EC%A7%91/place/1784814732?c=12.00,0,0,0,dh&placePath=%3Fentry%253Dbmp",['매일 19:00 - 03:00']
부엉이산장 방이점,2,요리주점,서울 송파구 오금로11길 12 1층 101호,잠실역 10번 출구에서 475m,0507-1434-8525,0,"https://map.naver.com/p/search/%EC%9E%A0%EC%8B%A4%20%EC%88%A0%EC%A7%91/place/1671309392?c=12.00,0,0,0,dh&placePath=%3Fentry%253Dbmp","['일 17:00 - 01:30 01:00 라스트오더', '월 11:30 - 01:30 01:00 라스트오더', '화 11:30 - 01:30 01:00 라스트오더', '수 11:30 - 01:30 01:00 라스트오더', '목 11:30 - 01:30 01:00 라스트오더', '금 11:30 - 03:30 03:00 라스트오더', '토 14:00 - 03:30 03:00 라스트오더']"
사카바 게라게라,2,요리주점,서울 송파구 백제고분로21길 15,삼전역 2번 출구에서 266m,0507-1325-3396,0,"https://map.naver.com/p/search/%EC%9E%A0%EC%8B%A4%20%EC%88%A0%EC%A7%91/place/1973370673?c=12.00,0,0,0,dh&placePath=%3Fentry%253Dbmp","['일 18:00 - 03:00 01:00 라스트오더', '월 18:00 - 03:00 01:00 라스트오더', '화 18:00 - 03:00 01:00 라스트오더', '수 18:00 - 03:00 01:00 라스트오더', '목 18:00 - 03:00 01:00 라스트오더', '금 18:00 - 03:00 01:00 라스트오더', '토 18:00 - 03:00 01:00 라스트오더']"
만당불쭈꾸미 가락본점,2,요리주점,서울 송파구 양재대로62길 48 1층,경찰병원역 1번 출구에서 405m,0507-1372-0821,0,"https://map.naver.com/p/search/%EC%9E%A0%EC%8B%A4%20%EC%88%A0%EC%A7%91/place/35057936?c=12.00,0,0,0,dh&placePath=%3Fentry%253Dbmp","['일 정기휴무 (매주 일요일)', '월 09:00 - 24:00 14:00 - 17:00 브레이크타임', '화 09:00 - 24:00 14:00 - 17:00 브레이크타임', '수 09:00 - 24:00 14:00 - 17:00 브레이크타임', '목 09:00 - 24:00 14:00 - 17:00 브레이크타임', '금 09:00 - 24:00 14:00 - 17:00 브레이크타임', '토 17:00 - 24:00']"
세이버,2,"맥주,호프",서울 송파구 백제고분로41길 35 1층 세이버,석촌역 1번 출구에서 443m,0507-1349-1640,0,"https://map.naver.com/p/search/%EC%9E%A0%EC%8B%A4%20%EC%88%A0%EC%A7%91/place/1492581343?c=12.00,0,0,0,dh&placePath=%3Fentry%253Dbmp","['일 15:00 - 24:00', '월 18:00 - 01:00', '화 18:00 - 01:00', '수(5/15) 부처님 오신 날15:00 - 24:00', '목 18:00 - 01:00', '금 18:00 - 01:00', '토 15:00 - 01:00']"
금별맥주 방이점,2,"맥주,호프",서울 송파구 오금로11길 24,몽촌토성역 3번 출구에서 429m,02-424-9995,0,"https://map.naver.com/p/search/%EC%9E%A0%EC%8B%A4%20%EC%88%A0%EC%A7%91/place/1826878021?c=12.00,0,0,0,dh&placePath=%3Fentry%253Dbmp","['일 13:00 - 06:00', '월 13:00 - 06:00', '화 13:00 - 06:00', '수 13:00 - 06:00', '목 13:00 - 06:00', '금 13:00 - 07:00', '토 13:00 - 07:00']"
뉴코 노래타운 가락점,2,요리주점,서울 송파구 송파대로28길 6 훼미리오피스텔2차 지하2층,가락시장역 번 출구에서 97m,0507-1333-1897,0,"https://map.naver.com/p/search/%EC%9E%A0%EC%8B%A4%20%EC%88%A0%EC%A7%91/place/1281405323?c=12.00,0,0,0,dh&placePath=%3Fentry%253Dbmp","['일 18:00 - 06:00', '월 18:00 - 06:00', '화 18:00 - 06:00', '수 18:00 - 06:00', '목 18:00 - 06:00', '금 18:00 - 07:00', '토 18:00 - 07:00']"
시선 방이점,2,이자카야,서울 송파구 올림픽로32길 15 지상1층,몽촌토성역 3번 출구에서 527m,0507-1440-7337,0,"https://map.naver.com/p/search/%EC%9E%A0%EC%8B%A4%20%EC%88%A0%EC%A7%91/place/1037776799?c=12.00,0,0,0,dh&placePath=%3Fentry%253Dbmp",['매일 16:00 - 05:00 04:00 라스트오더']
골목길그집,2,이자카야,서울 송파구 석촌호수로12길 1-22,잠실새내역 3번 출구에서 399m,02-416-5217,0,"https://map.naver.com/p/search/%EC%9E%A0%EC%8B%A4%20%EC%88%A0%EC%A7%91/place/227901719?c=12.00,0,0,0,dh&placePath=%3Fentry%253Dbmp","['일 정기휴무 (매주 일요일)', '월 18:00 - 01:00', '화 18:00 - 01:00', '수 18:00 - 01:00', '목 18:00 - 01:00', '금 18:00 - 01:00', '토 18:00 - 01:00']"
역전할머니맥주 방이점,2,"맥주,호프",서울 송파구 올림픽로32길 13 2층,몽촌토성역 3번 출구에서 465m,0507-1404-1982,0,"https://map.naver.com/p/search/%EC%9E%A0%EC%8B%A4%20%EC%88%A0%EC%A7%91/place/1837963858?c=12.00,0,0,0,dh&placePath=%3Fentry%253Dbmp","['일 14:00 - 04:40', '월 17:00 - 04:40', '화 17:00 - 04:40', '수 17:00 - 04:40', '목 17:00 - 04:40', '금 17:00 - 06:40', '토 14:00 - 06:40']"
헝그리홀스,2,"맥주,호프",서울 송파구 백제고분로7길 28-14 1층,잠실새내역 4번 출구에서 389m,0507-1401-3791,0,"https://map.naver.com/p/search/%EC%9E%A0%EC%8B%A4%20%EC%88%A0%EC%A7%91/place/38019685?c=12.00,0,0,0,dh&placePath=%3Fentry%253Dbmp",['매일 18:00 - 04:00']
남도술상 방이점,2,요리주점,서울 송파구 오금로11길 54 2층,몽촌토성역 2번 출구에서 319m,02-6953-3359,0,"https://map.naver.com/p/search/%EC%9E%A0%EC%8B%A4%20%EC%88%A0%EC%A7%91/place/1319788939?c=12.00,0,0,0,dh&placePath=%3Fentry%253Dbmp","['일 16:00 - 24:00 23:00 라스트오더', '월 16:00 - 24:00 23:00 라스트오더', '화 16:00 - 24:00 23:00 라스트오더', '수 16:00 - 24:00 23:00 라스트오더', '목 16:00 - 24:00 23:00 라스트오더', '금 16:00 - 24:00 23:00 라스트오더', '토 16:00 - 24:00 23:00 라스트오더']"
철길부산집 방이점,2,이자카야,서울 송파구 올림픽로32길 18 1층,잠실역 10번 출구에서 557m,0507-1416-4474,0,"https://map.naver.com/p/search/%EC%9E%A0%EC%8B%A4%20%EC%88%A0%EC%A7%91/place/1971931900?c=12.00,0,0,0,dh&placePath=%3Fentry%253Dbmp","['일 17:00 - 04:00 03:00 라스트오더', '월 18:00 - 04:00 03:00 라스트오더', '화 18:00 - 04:00 03:00 라스트오더', '수 18:00 - 04:00 03:00 라스트오더', '목 18:00 - 04:00 03:00 라스트오더', '금 18:00 - 04:00 03:00 라스트오더', '토 17:00 - 04:00 03:00 라스트오더']"
시장을여는사람들 방이점,2,요리주점,서울 송파구 올림픽로32길 18-11 2층 202호,잠실역 10번 출구에서 53m,0507-1361-3711,0,"https://map.naver.com/p/search/%EC%9E%A0%EC%8B%A4%20%EC%88%A0%EC%A7%91/place/1275303801?c=12.00,0,0,0,dh&placePath=%3Fentry%253Dbmp",['매일 17:00 - 05:00']
요시,2,이자카야,"서울 송파구 위례성대로18길 14 1,2층",방이역 4번 출구에서 318m,010-4475-2582,0,"https://map.naver.com/p/search/%EC%9E%A0%EC%8B%A4%20%EC%88%A0%EC%A7%91/place/19866222?c=12.00,0,0,0,dh&placePath=%3Fentry%253Dbmp","['일 정기휴무 (매주 일요일)', '월 17:00 - 01:00 23:20 라스트오더', '화 17:00 - 01:00 23:20 라스트오더', '수 17:00 - 01:00 23:20 라스트오더', '목 17:00 - 01:00 23:20 라스트오더', '금 17:00 - 01:00 23:20 라스트오더', '토 17:00 - 01:00 23:20 라스트오더', '굿모닝대한민국 293회, 12.07.10. 2012년 7월 10일  민어']"
역전할머니맥주 신천점,2,"맥주,호프",서울 송파구 올림픽로10길 16 1층,잠실새내역 4번 출구에서 458m,010-6628-9440,0,"https://map.naver.com/p/search/%EC%9E%A0%EC%8B%A4%20%EC%88%A0%EC%A7%91/place/1782064053?c=12.00,0,0,0,dh&placePath=%3Fentry%253Dbmp",['매일 15:00 - 04:00']
JPUB,2,"맥주,호프",서울 송파구 백제고분로7길 39 고려빌딩 1층 J pub,잠실새내역 4번 출구에서 71m,0507-1370-2862,0,"https://map.naver.com/p/search/%EC%9E%A0%EC%8B%A4%20%EC%88%A0%EC%A7%91/place/1637357922?c=12.00,0,0,0,dh&placePath=%3Fentry%253Dbmp",['매일 17:00 - 05:00']
철판오사카야 방이점,2,이자카야,서울 송파구 오금로15길 13 2층 201호,송파나루역 2번 출구에서 455m,0507-1387-9548,0,"https://map.naver.com/p/search/%EC%9E%A0%EC%8B%A4%20%EC%88%A0%EC%A7%91/place/1096961409?c=12.00,0,0,0,dh&placePath=%3Fentry%253Dbmp","['일 17:30 - 02:00 01:00 라스트오더', '월 17:30 - 02:00 01:00 라스트오더', '화 17:30 - 02:00 01:00 라스트오더', '수 17:30 - 02:00 01:00 라스트오더', '목 17:30 - 02:00 01:00 라스트오더', '금 17:30 - 03:00 02:00 라스트오더', '토 17:30 - 03:00 02:00 라스트오더']"
감상,2,요리주점,서울 송파구 오금로16길 10 1층 101호,송파나루역 1번 출구에서 361m,070-7868-8990,0,"https://map.naver.com/p/search/%EC%9E%A0%EC%8B%A4%20%EC%88%A0%EC%A7%91/place/1787592283?c=12.00,0,0,0,dh&placePath=%3Fentry%253Dbmp","['일 11:00 - 23:00 22:00 라스트오더', '월 11:00 - 24:00 15:00 - 17:00 브레이크타임 23:00 라스트오더', '화 11:00 - 23:00 15:00 - 17:00 브레이크타임 22:00 라스트오더', '수 11:00 - 23:00 15:00 - 17:00 브레이크타임 22:00 라스트오더', '목 11:00 - 24:00 15:00 - 17:00 브레이크타임 23:00 라스트오더', '금 11:00 - 24:00 15:00 - 17:00 브레이크타임 23:00 라스트오더', '토 11:00 - 24:00 23:00 라스트오더']"
아타라시,2,이자카야,서울 송파구 양재대로62길 48 1층 9호,경찰병원역 1번 출구에서 74m,0507-1375-6982,0,"https://map.naver.com/p/search/%EC%9E%A0%EC%8B%A4%20%EC%88%A0%EC%A7%91/place/1250492175?c=12.00,0,0,0,dh&placePath=%3Fentry%253Dbmp","['일 16:30 - 23:00 22:00 라스트오더', '월 17:00 - 24:00 23:00 라스트오더', '화 17:00 - 24:00 23:00 라스트오더', '수 17:00 - 24:00 23:00 라스트오더', '목 17:00 - 24:00 23:00 라스트오더', '금 17:00 - 24:00 23:00 라스트오더', '토 16:30 - 24:00 23:00 라스트오더']"
모토이시 송파방이점,2,"육류,고기요리",서울 송파구 오금로15길 13 1층,송파나루역 2번 출구에서 460m,0507-1360-8984,0,"https://map.naver.com/p/search/%EC%9E%A0%EC%8B%A4%20%EC%88%A0%EC%A7%91/place/1169388840?c=12.00,0,0,0,dh&placePath=%3Fentry%253Dbmp","['일 16:00 - 24:00 23:00 라스트오더', '월 16:00 - 01:00 00:00 라스트오더', '화 16:00 - 01:00 00:00 라스트오더', '수 16:00 - 01:00 00:00 라스트오더', '목 16:00 - 01:00 00:00 라스트오더', '금 16:00 - 01:00 00:00 라스트오더', '토 16:00 - 01:00 00:00 라스트오더']"
시그니엘서울 더 라운지,2,바(BAR),서울 송파구 올림픽로 300 롯데월드타워 79층,잠실역 번 출구에서 0m,02-3213-1212,0,"https://map.naver.com/p/search/%EC%9E%A0%EC%8B%A4%20%EC%88%A0%EC%A7%91/place/856801912?c=12.00,0,0,0,dh&placePath=%3Fentry%253Dbmp",['매일 11:00 - 22:00']
토리아에즈 가락점,2,이자카야,서울 송파구 송파대로28길 27 성원쌍떼빌상가 101동 114호,가락시장역 4번 출구에서 25m,02-401-0422,0,"https://map.naver.com/p/search/%EC%9E%A0%EC%8B%A4%20%EC%88%A0%EC%A7%91/place/1980972937?c=12.00,0,0,0,dh&placePath=%3Fentry%253Dbmp","['일 17:00 - 04:00', '월 17:00 - 02:00', '화 17:00 - 02:00', '수 17:00 - 02:00', '목 17:00 - 02:00', '금 17:00 - 02:00', '토 17:00 - 04:00']"
감자아일랜드 롯데월드몰점,2,"맥주,호프",서울 송파구 올림픽로 300 롯데월드몰 지하1층,잠실역 11번 출구에서 10m,0507-1373-8732,0,"https://map.naver.com/p/search/%EC%9E%A0%EC%8B%A4%20%EC%88%A0%EC%A7%91/place/1417267433?c=12.00,0,0,0,dh&placePath=%3Fentry%253Dbmp",['매일 10:30 - 22:00 21:00 라스트오더']
바티칸,2,바(BAR),서울 송파구 올림픽로32길 22-9 서정하우스 지하1층,잠실역 10번 출구에서 54m,0507-1320-7816,0,"https://map.naver.com/p/search/%EC%9E%A0%EC%8B%A4%20%EC%88%A0%EC%A7%91/place/1680214302?c=12.00,0,0,0,dh&placePath=%3Fentry%253Dbmp",['매일 19:00 - 02:00 01:30 라스트오더']
디에스티클럽,2,와인,서울 송파구 백제고분로41길 38 2층,석촌역 1번 출구에서 47m,0507-1334-4238,0,"https://map.naver.com/p/search/%EC%9E%A0%EC%8B%A4%20%EC%88%A0%EC%A7%91/place/1637230754?c=12.00,0,0,0,dh&placePath=%3Fentry%253Dbmp","['일 11:30 - 24:00 15:00 - 17:30 브레이크타임', '월 정기휴무 (매주 월요일)', '화 17:30 - 24:00', '수(5/15) 부처님 오신 날11:30 - 24:00 15:00 - 17:30 브레이크타임', '목 17:30 - 24:00', '금 17:30 - 01:00', '토 11:30 - 01:00 15:00 - 17:30 브레이크타임']"
꼬치집,2,"오뎅,꼬치",서울 송파구 백제고분로 158 101호,삼전역 4번 출구에서 286m,02-424-5792,0,"https://map.naver.com/p/search/%EC%9E%A0%EC%8B%A4%20%EC%88%A0%EC%A7%91/place/13536526?c=12.00,0,0,0,dh&placePath=%3Fentry%253Dbmp","['일 정기휴무 (매주 일요일)', '월 17:00 - 24:00 22:30 라스트오더', '화 17:00 - 24:00 22:30 라스트오더', '수 17:00 - 24:00 22:30 라스트오더', '목 17:00 - 24:00 22:30 라스트오더', '금 17:00 - 24:00 22:30 라스트오더', '토 17:00 - 24:00 22:30 라스트오더']"
시그니엘 서울 바81,2,바(BAR),서울 송파구 올림픽로 300 롯데월드타워 81층 Bar 81,잠실역 번 출구에서 0m,02-3213-1281,0,"https://map.naver.com/p/search/%EC%9E%A0%EC%8B%A4%20%EC%88%A0%EC%A7%91/place/303937152?c=12.00,0,0,0,dh&placePath=%3Fentry%253Dbmp",['매일 18:00 - 01:00 00:00 라스트오더']
트롬바,2,와인,서울 송파구 백제고분로41길 39 2층,석촌역 1번 출구에서 473m,0507-1487-8589,0,"https://map.naver.com/p/search/%EC%9E%A0%EC%8B%A4%20%EC%88%A0%EC%A7%91/place/1492545113?c=12.00,0,0,0,dh&placePath=%3Fentry%253Dbmp","['일 16:00 - 24:00 22:30 라스트오더', '월 정기휴무 (매주 월요일)', '화 정기휴무 (매주 화요일)', '수(5/15) 부처님 오신 날16:00 - 24:00', '목 17:00 - 24:00 22:30 라스트오더', '금 17:00 - 24:00 22:30 라스트오더', '토 16:00 - 24:00 22:30 라스트오더']"
유지안호프,2,"맥주,호프",서울 송파구 올림픽로35길 94 장미전철상가 104호,잠실나루역 3번 출구에서 41m,02-416-9999,0,"https://map.naver.com/p/search/%EC%9E%A0%EC%8B%A4%20%EC%88%A0%EC%A7%91/place/1581867019?c=12.00,0,0,0,dh&placePath=%3Fentry%253Dbmp","['일 14:00 - 23:30', '월 14:00 - 23:30', '화 14:00 - 23:30', '수 14:00 - 23:30', '목 14:00 - 23:30', '금 14:00 - 23:30', '토 14:00 - 23:30']"
바코난,2,바(BAR),서울 송파구 백제고분로7길 42-16 지하1층,잠실새내역 3번 출구에서 354m,02-3431-6039,0,"https://map.naver.com/p/search/%EC%9E%A0%EC%8B%A4%20%EC%88%A0%EC%A7%91/place/20409944?c=12.00,0,0,0,dh&placePath=%3Fentry%253Dbmp",['매일 18:00 - 03:00']
바 더스크 잠실방이점,2,바(BAR),서울 송파구 오금로15길 7-20 지하1층,송파나루역 2번 출구에서 487m,0507-1437-1888,0,"https://map.naver.com/p/search/%EC%9E%A0%EC%8B%A4%20%EC%88%A0%EC%A7%91/place/1872091014?c=12.00,0,0,0,dh&placePath=%3Fentry%253Dbmp","['일 19:00 - 01:00 00:20 라스트오더', '월 20:00 - 01:00 00:20 라스트오더', '화 20:00 - 01:00 00:20 라스트오더', '수 20:00 - 01:00 00:20 라스트오더', '목 19:00 - 02:00 01:20 라스트오더', '금 19:00 - 02:00 01:20 라스트오더', '토 19:00 - 02:00 01:20 라스트오더']"
동락,2,요리주점,서울 송파구 중대로23길 20 101호,오금역 6번 출구에서 198m,02-404-4649,0,"https://map.naver.com/p/search/%EC%9E%A0%EC%8B%A4%20%EC%88%A0%EC%A7%91/place/1157778748?c=12.00,0,0,0,dh&placePath=%3Fentry%253Dbmp","['일 정기휴무 (매주 일요일)', '월 18:00 - 24:00 23:00 라스트오더', '화 18:00 - 24:00 23:00 라스트오더', '수(5/15) 부처님 오신 날18:00 - 24:00', '목 18:00 - 24:00 23:00 라스트오더', '금 18:00 - 24:00 23:00 라스트오더', '토 18:00 - 24:00 23:00 라스트오더']"
육회바른연어 잠실점,2,요리주점,서울 송파구 올림픽로35가길 11 103호,잠실역 9번 출구에서 300m,02-422-4533,0,"https://map.naver.com/p/search/%EC%9E%A0%EC%8B%A4%20%EC%88%A0%EC%A7%91/place/1993372144?c=12.00,0,0,0,dh&placePath=%3Fentry%253Dbmp",['매일 11:00 - 01:00']
오아시스 엘피바,2,바(BAR),서울 송파구 백제고분로7길 24-17 지층,잠실새내역 4번 출구에서 454m,0507-1309-6274,0,"https://map.naver.com/p/search/%EC%9E%A0%EC%8B%A4%20%EC%88%A0%EC%A7%91/place/19958505?c=12.00,0,0,0,dh&placePath=%3Fentry%253Dbmp","['일 정기휴무 (매주 일요일)', '월 19:00 - 01:00', '화 19:00 - 01:00', '수 19:00 - 01:00', '목 19:00 - 01:00', '금 19:00 - 01:00', '토 19:00 - 01:00']"
꿀주막,2,"전통,민속주점",서울 송파구 백제고분로7길 28-7 해경빌딩 2층,잠실새내역 4번 출구에서 359m,0507-1449-0268,0,"https://map.naver.com/p/search/%EC%9E%A0%EC%8B%A4%20%EC%88%A0%EC%A7%91/place/1092720602?c=12.00,0,0,0,dh&placePath=%3Fentry%253Dbmp","['일 17:00 - 24:00', '월 17:00 - 02:00', '화 17:00 - 24:00', '수(5/15) 부처님 오신 날17:00 - 01:00', '목 17:00 - 24:00', '금 17:00 - 02:00', '토 17:00 - 02:00']"
빈티지1981,2,와인,서울 송파구 석촌호수로 194 태호빌딩 2층,석촌고분역 2번 출구에서 514m,0507-1306-1981,0,"https://map.naver.com/p/search/%EC%9E%A0%EC%8B%A4%20%EC%88%A0%EC%A7%91/place/13556078?c=12.00,0,0,0,dh&placePath=%3Fentry%253Dbmp","['일 12:00 - 23:55 23:00 라스트오더', '월 17:00 - 23:55 23:00 라스트오더', '화 17:00 - 23:55 23:00 라스트오더', '수(5/15) 12:00 - 23:55', '목 17:00 - 23:55 23:00 라스트오더', '금 17:00 - 23:55 23:00 라스트오더', '토 12:00 - 23:55 23:00 라스트오더']"
볼우물,2,와인,서울 송파구 백제고분로41길 6-5 302호,석촌역 2번 출구에서 15m,0507-1325-5698,0,"https://map.naver.com/p/search/%EC%9E%A0%EC%8B%A4%20%EC%88%A0%EC%A7%91/place/1159651222?c=12.00,0,0,0,dh&placePath=%3Fentry%253Dbmp","['일 12:00 - 24:00 16:00 - 17:00 브레이크타임', '월 18:00 - 23:00', '화 18:00 - 23:00', '수 18:00 - 23:00', '목 18:00 - 23:00', '금 18:00 - 24:00', '토 12:00 - 24:00 16:00 - 17:00 브레이크타임']"
판테라,2,바(BAR),서울 송파구 올림픽로10길 24,잠실새내역 4번 출구에서 534m,02-419-4949,0,"https://map.naver.com/p/search/%EC%9E%A0%EC%8B%A4%20%EC%88%A0%EC%A7%91/place/36543385?c=12.00,0,0,0,dh&placePath=%3Fentry%253Dbmp","['일 정기휴무 (매주 일요일)', '월 19:00 - 03:00', '화 19:00 - 03:00', '수 19:00 - 03:00', '목 19:00 - 03:00', '금 19:00 - 03:00', '토 19:00 - 03:00']"
쿠시노아 잠실새내점,2,이자카야,서울 송파구 백제고분로15길 46 1층 103호,잠실새내역 3번 출구에서 344m,0507-1385-0597,0,"https://map.naver.com/p/search/%EC%9E%A0%EC%8B%A4%20%EC%88%A0%EC%A7%91/place/1014129077?c=12.00,0,0,0,dh&placePath=%3Fentry%253Dbmp","['일 17:00 - 02:00 01:10 라스트오더', '월 17:00 - 02:00 01:10 라스트오더', '화 17:00 - 02:00 01:10 라스트오더', '수(5/15) 부처님 오신 날17:00 - 02:00', '목 17:00 - 02:00 01:10 라스트오더', '금 17:00 - 02:00 01:10 라스트오더', '토 17:00 - 02:00 01:10 라스트오더']"
하루,2,이자카야,서울 송파구 백제고분로14길 3 1층 102호,삼전역 4번 출구에서 426m,0507-1386-9922,0,"https://map.naver.com/p/search/%EC%9E%A0%EC%8B%A4%20%EC%88%A0%EC%A7%91/place/1549786118?c=12.00,0,0,0,dh&placePath=%3Fentry%253Dbmp","['일 18:00 - 03:00 02:00 라스트오더', '월 정기휴무 (매주 월요일)', '화 18:00 - 03:00 02:00 라스트오더', '수(5/15) 부처님 오신 날19:00 - 02:00', '목 18:00 - 03:00 02:00 라스트오더', '금 18:00 - 03:00 02:00 라스트오더', '토 18:00 - 03:00 02:00 라스트오더']"
느린마을양조장 잠실새내점,2,요리주점,서울 송파구 올림픽로10길 13-1 2층,잠실새내역 4번 출구에서 47m,0507-1339-1641,0,"https://map.naver.com/p/search/%EC%9E%A0%EC%8B%A4%20%EC%88%A0%EC%A7%91/place/1697622277?c=12.00,0,0,0,dh&placePath=%3Fentry%253Dbmp","['일 정기휴무 (매주 일요일)', '월 정기휴무 (매주 월요일)', '화 17:00 - 22:00 21:30 라스트오더', '수(5/15) 부처님 오신 날17:00 - 22:00', '목 17:00 - 22:00 21:30 라스트오더', '금 17:00 - 23:00 22:30 라스트오더', '토 17:00 - 23:00 22:30 라스트오더']"
구지라운지2,2,바(BAR),서울 송파구 올림픽로10길 18 지하1층 구지라운지2,잠실새내역 4번 출구에서 463m,0507-1453-0720,0,"https://map.naver.com/p/search/%EC%9E%A0%EC%8B%A4%20%EC%88%A0%EC%A7%91/place/1516042493?c=12.00,0,0,0,dh&placePath=%3Fentry%253Dbmp","['일 정기휴무 (매주 일요일)', '월 20:00 - 05:00', '화 20:00 - 05:00', '수 20:00 - 05:00', '목 20:00 - 05:00', '금 20:00 - 05:00', '토 20:00 - 05:00']"
유다 잠실새내점,2,이자카야,서울 송파구 백제고분로7길 29 우림빌딩,잠실새내역 4번 출구에서 31m,02-416-7806,0,"https://map.naver.com/p/search/%EC%9E%A0%EC%8B%A4%20%EC%88%A0%EC%A7%91/place/37349863?c=12.00,0,0,0,dh&placePath=%3Fentry%253Dbmp","['일 16:00 - 02:00', '월 16:00 - 02:00', '화 16:00 - 02:00', '수(5/15) 부처님 오신 날16:00 - 02:00', '목 16:00 - 02:00', '금 16:00 - 04:00', '토 16:00 - 04:00']"
슈타인도르프,2,"맥주,호프",서울 송파구 오금로15길 11,송파나루역 2번 출구에서 43m,0507-1406-9000,0,"https://map.naver.com/p/search/%EC%9E%A0%EC%8B%A4%20%EC%88%A0%EC%A7%91/place/37379337?c=12.00,0,0,0,dh&placePath=%3Fentry%253Dbmp","['일 정기휴무 (매주 일요일)', '월 15:00 - 23:00', '화 15:00 - 23:00', '수 15:00 - 23:00', '목 15:00 - 23:00', '금 15:00 - 23:00', '토 15:00 - 23:00']"
시선 잠실점,2,이자카야,서울 송파구 백제고분로7길 24 1층,잠실새내역 4번 출구에서 37m,0507-1474-7579,0,"https://map.naver.com/p/search/%EC%9E%A0%EC%8B%A4%20%EC%88%A0%EC%A7%91/place/1215216975?c=12.00,0,0,0,dh&placePath=%3Fentry%253Dbmp",['매일 17:00 - 05:00']
크래프트한스 석촌호수서호점,2,"맥주,호프",서울 송파구 송파대로49길 50 석촌호수 나인파크 B동 201호(석촌동 24-14번지),석촌고분역 2번 출구에서 56m,02-2203-3010,0,"https://map.naver.com/p/search/%EC%9E%A0%EC%8B%A4%20%EC%88%A0%EC%A7%91/place/1284310767?c=12.00,0,0,0,dh&placePath=%3Fentry%253Dbmp",['매일 17:00 - 01:00']
빗쿠리,2,이자카야,서울 송파구 백제고분로32길 11 101호,석촌고분역 4번 출구에서 286m,0507-1366-3935,0,"https://map.naver.com/p/search/%EC%9E%A0%EC%8B%A4%20%EC%88%A0%EC%A7%91/place/1274820232?c=12.00,0,0,0,dh&placePath=%3Fentry%253Dbmp","['일 정기휴무 (매주 일요일)', '월 17:00 - 24:00 23:00 라스트오더', '화 17:00 - 24:00 23:00 라스트오더', '수 17:00 - 24:00 23:00 라스트오더', '목 17:00 - 24:00 23:00 라스트오더', '금 17:00 - 24:00 23:00 라스트오더', '토 17:00 - 24:00 23:00 라스트오더']"
구대륙,2,와인,서울 송파구 오금로16길 9-1 1층 및 지층,송파나루역 1번 출구에서 358m,0507-1337-4020,0,"https://map.naver.com/p/search/%EC%9E%A0%EC%8B%A4%20%EC%88%A0%EC%A7%91/place/1754197524?c=12.00,0,0,0,dh&placePath=%3Fentry%253Dbmp","['일 17:00 - 24:00', '월 정기휴무 (매주 월요일)', '화 18:00 - 24:00', '수 18:00 - 24:00', '목 18:00 - 24:00', '금 18:00 - 24:00', '토 17:00 - 24:00']"
피아이디,2,"맥주,호프",서울 송파구 백제고분로7길 46 2층 PID,잠실새내역 3번 출구에서 54m,010-3038-1860,0,"https://map.naver.com/p/search/%EC%9E%A0%EC%8B%A4%20%EC%88%A0%EC%A7%91/place/38673431?c=12.00,0,0,0,dh&placePath=%3Fentry%253Dbmp",['매일 17:00 - 05:00']
잠실새내 스시화,2,이자카야,서울 송파구 백제고분로17길 43,잠실새내역 3번 출구에서 96m,0507-1435-5555,0,"https://map.naver.com/p/search/%EC%9E%A0%EC%8B%A4%20%EC%88%A0%EC%A7%91/place/1673198883?c=12.00,0,0,0,dh&placePath=%3Fentry%253Dbmp","['일 정기휴무 (매주 일요일)', '월 17:30 - 01:00', '화 11:30 - 24:00 15:00 - 17:30 브레이크타임', '수 11:30 - 24:00 15:00 - 17:30 브레이크타임', '목 11:30 - 24:00 15:00 - 17:30 브레이크타임', '금 11:30 - 24:00 15:00 - 17:30 브레이크타임', '토 17:30 - 01:00']"
딱정벌레 LP Music Bar,2,요리주점,서울 송파구 백제고분로7길 28-16 원영빌딩 지하,잠실새내역 4번 출구에서 413m,02-420-7088,0,"https://map.naver.com/p/search/%EC%9E%A0%EC%8B%A4%20%EC%88%A0%EC%A7%91/place/21567791?c=12.00,0,0,0,dh&placePath=%3Fentry%253Dbmp","['일 정기휴무 (매주 일요일)', '월 19:00 - 01:00', '화 19:00 - 01:00', '수 19:00 - 01:00', '목 19:00 - 01:00', '금 19:00 - 01:00', '토 19:00 - 01:00', '굿모닝대한민국 817회, 14.08.08. 2014년 8월 8일  ']"
문러너,2,와인,서울 송파구 백제고분로7길 24-11 3층,잠실새내역 4번 출구에서 417m,0507-1385-6227,0,"https://map.naver.com/p/search/%EC%9E%A0%EC%8B%A4%20%EC%88%A0%EC%A7%91/place/1962580126?c=12.00,0,0,0,dh&placePath=%3Fentry%253Dbmp","['일 정기휴무 (매주 일요일)', '월 정기휴무 (매주 월요일)', '화 18:00 - 01:00', '수 18:00 - 01:00', '목 18:00 - 01:00', '금 18:00 - 01:00', '토 18:00 - 01:00']"
삐에로와인펍,2,와인,서울 송파구 올림픽로32길 18 2층 삐에로와인펍,잠실역 10번 출구에서 557m,02-422-0606,0,"https://map.naver.com/p/search/%EC%9E%A0%EC%8B%A4%20%EC%88%A0%EC%A7%91/place/1062549110?c=12.00,0,0,0,dh&placePath=%3Fentry%253Dbmp",['매일 16:00 - 02:00 01:00 라스트오더']
호호타코야끼 BAR,2,술집,서울 송파구 백제고분로21길 19 1층 101호 호호타코야끼,삼전역 2번 출구에서 267m,0507-1410-2773,0,"https://map.naver.com/p/search/%EC%9E%A0%EC%8B%A4%20%EC%88%A0%EC%A7%91/place/1222848497?c=12.00,0,0,0,dh&placePath=%3Fentry%253Dbmp","['일 18:00 - 02:00', '월 18:00 - 03:00', '화 18:00 - 03:00', '수 18:00 - 03:00', '목 18:00 - 03:00', '금 18:00 - 03:00', '토 18:00 - 03:00']"
매드나이트,2,바(BAR),서울 송파구 송파대로49길 52 나인파크 A동 2층 매드나이트,석촌고분역 2번 출구에서 51m,0507-1312-4741,0,"https://map.naver.com/p/search/%EC%9E%A0%EC%8B%A4%20%EC%88%A0%EC%A7%91/place/1167978679?c=12.00,0,0,0,dh&placePath=%3Fentry%253Dbmp","['일 정기휴무 (매주 일요일)', '월 18:00 - 04:00', '화 18:00 - 04:00', '수(5/15) 부처님 오신 날18:00 - 04:00', '목 18:00 - 04:00', '금 18:00 - 04:00', '토 18:00 - 04:00']"
빅풋 하이볼바,2,바(BAR),서울 송파구 백제고분로45길 30 1층 빅풋 하이볼 바,송파나루역 1번 출구에서 404m,0507-1364-2266,0,"https://map.naver.com/p/search/%EC%9E%A0%EC%8B%A4%20%EC%88%A0%EC%A7%91/place/1100999553?c=12.00,0,0,0,dh&placePath=%3Fentry%253Dbmp","['일 17:00 - 24:00 23:00 라스트오더', '월 정기휴무 (매주 월요일)', '화 17:00 - 24:00 23:00 라스트오더', '수(5/15) 부처님 오신 날17:00 - 24:00', '목 17:00 - 24:00 23:00 라스트오더', '금 17:00 - 01:00 00:00 라스트오더', '토 17:00 - 01:00 00:00 라스트오더']"
브롱스 잠실새내점,2,"맥주,호프",서울 송파구 백제고분로7길 50-1 2층,잠실새내역 3번 출구에서 9m,0507-1338-2082,0,"https://map.naver.com/p/search/%EC%9E%A0%EC%8B%A4%20%EC%88%A0%EC%A7%91/place/1871075430?c=12.00,0,0,0,dh&placePath=%3Fentry%253Dbmp","['일 17:00 - 01:00', '월 17:00 - 01:00', '화 17:00 - 01:00', '수(5/15) 부처님 오신 날17:00 - 01:00', '목 17:00 - 01:00', '금 17:00 - 02:00', '토 17:00 - 02:00']"
음파구,2,바(BAR),서울 송파구 석촌호수로 284 지하1층 105호,잠실역 번 출구에서 57m,0507-1301-6047,0,"https://map.naver.com/p/search/%EC%9E%A0%EC%8B%A4%20%EC%88%A0%EC%A7%91/place/1293715196?c=12.00,0,0,0,dh&placePath=%3Fentry%253Dbmp","['일 19:00 - 01:00', '월 정기휴무 (매주 월요일)', '화 19:00 - 01:00', '수(5/15) 부처님 오신 날19:00 - 02:00', '목 19:00 - 01:00', '금 19:00 - 01:00', '토 19:00 - 01:00']"
죠렌,2,이자카야,서울 송파구 백제고분로19길 29 1층 죠렌,삼전역 1번 출구에서 412m,0507-1355-7486,0,"https://map.naver.com/p/search/%EC%9E%A0%EC%8B%A4%20%EC%88%A0%EC%A7%91/place/1626845186?c=12.00,0,0,0,dh&placePath=%3Fentry%253Dbmp","['일 18:00 - 02:00 01:00 라스트오더', '월 18:00 - 02:00 01:00 라스트오더', '화 18:00 - 02:00 01:00 라스트오더', '수 18:00 - 02:00 01:00 라스트오더', '목 18:00 - 02:00 01:00 라스트오더', '금 18:00 - 02:00 01:00 라스트오더', '토 18:00 - 02:00 01:00 라스트오더']"
고구려민속주막,2,"전통,민속주점",서울 송파구 올림픽로32길 18 경진빌딩 지하1층,잠실역 10번 출구에서 557m,0507-1427-1445,0,"https://map.naver.com/p/search/%EC%9E%A0%EC%8B%A4%20%EC%88%A0%EC%A7%91/place/590658365?c=12.00,0,0,0,dh&placePath=%3Fentry%253Dbmp","['일 17:00 - 02:00 01:00 라스트오더', '월 17:00 - 02:00 01:00 라스트오더', '화 17:00 - 02:00 01:00 라스트오더', '수 17:00 - 02:00 01:00 라스트오더', '목 17:00 - 02:00 01:00 라스트오더', '금 17:00 - 03:30 02:30 라스트오더', '토 16:00 - 03:30 02:30 라스트오더']"
만복국수집 잠실새내점,2,요리주점,서울 송파구 올림픽로10길 13 지하1층 101호,잠실새내역 4번 출구에서 383m,02-423-8832,0,"https://map.naver.com/p/search/%EC%9E%A0%EC%8B%A4%20%EC%88%A0%EC%A7%91/place/1445265050?c=12.00,0,0,0,dh&placePath=%3Fentry%253Dbmp","['일 정기휴무 (매주 일요일)', '월 16:00 - 24:00 23:30 라스트오더', '화 16:00 - 24:00 23:30 라스트오더', '수(5/15) 부처님 오신 날 휴무', '목 16:00 - 24:00 23:30 라스트오더', '금 16:00 - 02:00 01:30 라스트오더', '토 16:00 - 02:00 01:30 라스트오더', '']"
슈발,2,와인,서울 송파구 백제고분로7길 16-3 b1,종합운동장역 번 출구에서 437m,0507-1347-8795,0,"https://map.naver.com/p/search/%EC%9E%A0%EC%8B%A4%20%EC%88%A0%EC%A7%91/place/1150089604?c=12.00,0,0,0,dh&placePath=%3Fentry%253Dbmp","['일 17:00 - 01:00', '월 정기휴무 (매주 월요일)', '화 17:00 - 01:00', '수 17:00 - 01:00', '목 17:00 - 01:00', '금 17:00 - 01:00', '토 17:00 - 01:00']"
해오름,2,이자카야,서울 송파구 석촌호수로12길 49-1 1층,종합운동장역 번 출구에서 5m,0507-1391-0442,0,"https://map.naver.com/p/search/%EC%9E%A0%EC%8B%A4%20%EC%88%A0%EC%A7%91/place/1132607482?c=12.00,0,0,0,dh&placePath=%3Fentry%253Dbmp","['일 18:00 - 02:00 01:00 라스트오더', '월 정기휴무 (매주 월요일)', '화 17:30 - 03:00 02:00 라스트오더', '수 17:30 - 03:00 02:00 라스트오더', '목 17:30 - 03:00 02:00 라스트오더', '금 17:30 - 04:00 03:00 라스트오더', '토 17:30 - 04:00 03:00 라스트오더']"
코르크서울 레코드바,2,와인,서울 송파구 백제고분로45길 22 201호 코르크서울 레코드바,송파나루역 1번 출구에서 31m,0507-1374-9099,0,"https://map.naver.com/p/search/%EC%9E%A0%EC%8B%A4%20%EC%88%A0%EC%A7%91/place/1870191540?c=12.00,0,0,0,dh&placePath=%3Fentry%253Dbmp","['일 16:00 - 01:00 00:00 라스트오더', '월 18:00 - 01:00 00:00 라스트오더', '화 18:00 - 01:00 00:00 라스트오더', '수(5/15) 부처님 오신 날16:00 - 01:00', '목 18:00 - 01:00 00:00 라스트오더', '금 18:00 - 02:00 01:00 라스트오더', '토 16:00 - 02:00 01:00 라스트오더']"
티코,2,요리주점,서울 송파구 석촌호수로 210 1층 112호,석촌고분역 2번 출구에서 685m,0507-1348-6920,0,"https://map.naver.com/p/search/%EC%9E%A0%EC%8B%A4%20%EC%88%A0%EC%A7%91/place/1864926484?c=12.00,0,0,0,dh&placePath=%3Fentry%253Dbmp","['일 17:00 - 24:00', '월 정기휴무 (매주 월요일)', '화 17:00 - 24:00', '수 17:00 - 24:00', '목 17:00 - 24:00', '금 17:00 - 24:00', '토 17:00 - 24:00']"
노즈,2,와인,서울 송파구 오금로17길 4-7 101호 NOSE,송파나루역 2번 출구에서 18m,0507-1335-7864,0,"https://map.naver.com/p/search/%EC%9E%A0%EC%8B%A4%20%EC%88%A0%EC%A7%91/place/1346702114?c=12.00,0,0,0,dh&placePath=%3Fentry%253Dbmp","['일 정기휴무 (매주 일요일)', '월 정기휴무 (매주 월요일)', '화 17:00 - 23:00', '수 17:00 - 23:00', '목 17:00 - 23:00', '금 15:00 - 23:00', '토 15:00 - 23:00']"
